ID,Date/Time,Total Play Time,Total # moves,#galleries,self avoidance,#clusters,exp efficiency,scav efficiency,median exp steps,median scav steps,max dt,Average Speed,% galleries in exp,% time in exp,efficiency ratio,exp speed,scav speed,Step Orig,% steps uniquely covered,Gallery Orig,Gallery Orig exp,Gallery Orig scav,% galleries uniquely covered,% galleries uniquely covered exp,% galleries uniquely covered scav,# clusters in GC,% clusters in GC,Step Orig (sample),% steps uniquely covered (sample),Gallery Orig (sample),Gallery Orig exp (sample),Gallery Orig scav (sample),% galleries uniquely covered (sample),% galleries uniquely covered exp (sample),% galleries uniquely covered scav (sample),# clusters in GC (sample),% clusters in GC (sample)
000001,2024-07-06T21:45:54.782000,719.202,293,41,0.915129151,8,0.5208333333333333,0.5,15,15.5,8.132000000000001,0.40739597498338437,0.1951219512195122,0.5780698607623448,1.0416666666666665,0.39446877803674824,0.4251070182202844,4.1610273222946885,0.44402985074626866,3.3581061700930106,3.2982743965707177,3.372610842462052,0.076923077,0.125,0.060606061,6,0.75,4.192279335970566,0.791044776,3.779971820732401,3.7099106544304767,3.796956345896504,0.20512820512820518,0.125,0.21212121212121215,4,0.5
Test2,2024-10-13T18:31:55.391000,719.682,222,50,0.9444444444444444,9,1,0.75,9,14,78.00399999999996,0.3084695740618773,0.1,0.5256502177350554,1.3333333333333333,0.2405491923098273,0.38373547444058115,4.309843357656883,0.613953488,3.800771221167318,3.9867379925360047,3.780108246570798,0.18367346938775508,0.19999999999999996,0.18181818181818177,5,0.5555555555555556,4.2045999791988375,0.8186046511627907,3.927574278159598,4.127307850983765,3.905381658956913,0.4285714285714286,0.4,0.43181818181818177,3,0.3333333333333333
  ywsSnI ,2024-11-25T09:43:15.493000,716.71,151,19,0.918918919,3,0.5777777777777777,0.4166666666666667,20.5,26,20.75699999999999,0.2106849353294917,0.3157894736842105,0.5890346165115597,1.3866666666666665,0.1894984686155005,0.24105139147764504,4.271124375880884,0.5374149659863945,4.3501916576202095,4.225266798227836,4.407849285032072,0.42105263157894735,0.33333333333333337,0.46153846153846156,0,0,4.1988961212605505,0.7891156462585034,4.132283034524602,4.072284896710171,4.159974482746646,0.631578947,0.6666666666666667,0.6153846153846154,0,0
  WF2zDd,2024-11-25T10:45:13.088000,718.682,192,21,0.9392265193370166,5,0.5,0.5,12,25,23.53000000000003,0.26715571003587124,0.19047619047619047,0.4590848247208084,1,0.2606566121914553,0.2726716159137329,4.335053846170755,0.6055555555555556,3.8477710443773097,3.7428791068218263,3.8724515002727173,0.33333333333333337,0.25,0.3529411764705882,1,0.2,4.209261984209129,0.8111111111111111,3.9887365127582757,3.9190519386499023,4.0051328831367154,0.38095238095238093,0.25,0.4117647058823529,0,0
  AVQAV3,2024-11-25T14:49:25.755000,720.849,190,55,0.8846153846153846,11,0.6333333333333333,1,5.5,6,18.224999999999966,0.2635780863953477,0.18181818181818182,0.6312875512069794,0.6333333333333333,0.24611976803211863,0.29346918197346733,4.1755035731822625,0.4388888888888889,3.586551157057765,3.264555105,3.6581058353414444,0.13725490196078427,0,0.16279069767441856,7,0.6363636363636364,4.186909593,0.75,3.842048922096616,3.6108963688853315,3.893416156143568,0.3529411764705882,0.1,0.39534883720930236,4,0.36363636363636365
  ChXIQE,2024-11-25T15:20:31.344000,721.315,151,46,0.9701492537313433,8,1,0.75,6,9.5,25.107,0.2093398861801016,0.065217391,0.4460436841047255,1.3333333333333333,0.18337902268305262,0.23024348248272553,4.134692735460459,0.443609023,3.500508140774354,3.009351720698343,3.534774867756401,0.090909091,0,0.095238095,6,0.75,4.176324190870757,0.736842105,3.8251657629897777,3.612924816413385,3.8399732708904555,0.20454545454545459,0,0.2142857142857143,3,0.375
9njfJR,2024-11-26T09:12:56.066000,714.703,252,93,0.8588709677419355,14,0.8166666666666667,1,7,11,11.270999999999999,0.3525940145766843,0.13978494623655913,0.44148548418014183,0.8166666666666667,0.3391108956013832,0.3632519314982012,4.191393482683907,0.43388429752066116,3.8036196977213335,3.6788462789340053,3.823895378274274,0.1325301204819277,0.076923077,0.136986301,9,0.6428571428571429,4.191230549000244,0.7479338842975207,3.9522336018897017,3.885384754875472,3.963096539529514,0.3855421686746988,0.23076923076923073,0.3972602739726028,5,0.35714285714285715
zwWAyy,2024-11-26T09:46:50.023000,720.881,291,28,0.9436619718309859,5,0.4642857142857143,0.4017857142857143,35,13,20.53200000000004,0.4036727282311505,0.35714285714285715,0.6487825313748038,1.1555555555555554,0.3998332246442661,0.4107652081868664,4.373061758340195,0.6914893617021276,3.8854588232234355,4.109662091882109,3.760901451746394,0.25,0.4,0.16666666666666663,2,0.4,4.226651527028117,0.875886525,3.9938757099294797,4.048632708769209,3.963455155018518,0.4642857142857143,0.5,0.4444444444444444,0,0
DkcybF,2024-11-28T12:15:20.476000,719.363,221,68,0.9292452830188679,13,0.75,1,7,9,24.178999999999974,0.3072162454838517,0.16176470588235295,0.5649943074636867,0.75,0.26080366896633167,0.3674978509364804,4.131074131227171,0.4691943127962085,3.7205963857211644,3.8624651057290076,3.693218211684563,0.18181818181818177,0.19999999999999996,0.1785714285714286,8,0.6153846153846154,4.186971624960138,0.7298578199052133,3.921651836336263,3.968170932,3.9126744669393614,0.40909090909090906,0.5,0.3928571428571429,3,0.23076923076923078
4zw0DO,2024-11-28T12:51:25.407000,720.943,216,39,0.9512195121951219,4,0.75,1,19,21.5,10.696000000000026,0.2996075972719064,0.3076923076923077,0.6325271207293781,0.75,0.29384933861969753,0.30951922605094995,4.189768576404219,0.4362745098039216,3.215670947349513,3.4513820923461576,3.110910438462115,0.026315789,0.083333333,0,4,1,4.183376222208172,0.7303921568627452,3.6922059934010565,3.9198517524635306,3.5910301004844007,0.13157894736842102,0.25,0.076923077,3,0.75
  olpEYy,2024-12-01T10:16:43.870000,719.044,117,13,0.9504950495049505,2,0.5333333333333333,0.375,31.5,27,16.503999999999905,0.16271605075628195,0.15384615384615385,0.5157653773621643,1.4222222222222223,0.16987634080968994,0.15508952111802315,4.3462706430061075,0.6060606060606061,4.194320702710425,3.8769560968993995,4.252023358,0.23076923076923073,0.5,0.18181818181818177,0,0,4.217972939651579,0.8585858585858586,4.146429001280825,3.825198848942443,4.204834483524167,0.6153846153846154,0.5,0.6363636363636364,0,0
  9jukD9,2024-12-03T09:18:31.482000,720.9,233,17,0.918552036,3,0.39610389610389607,0.36363636363636365,32,25,15.696000000000026,0.3232071022333195,0.35294117647058826,0.6407046747121654,1.0892857142857142,0.33774713997453903,0.29727893257559385,4.246513216571766,0.5570776255707763,3.6167405070530227,3.581906528342685,3.635740859076843,0.1333333333333333,0.16666666666666663,0.1,2,0.6666666666666666,4.186996786299013,0.7853881278538812,3.8307050603822157,3.826098021,3.8332179909960264,0.4666666666666667,0.33333333333333337,0.5,0,0
  QElY1e,2024-12-03T09:48:40.383000,718.823,213,24,0.9289340101522843,5,0.5606060606060606,0.3666666666666667,24,15,14.220999999999975,0.29631773051224014,0.25,0.6278944886293288,1.5289256198347105,0.31461520566307366,0.2654423915237889,4.346739540949833,0.6256410256410256,4.025894198127481,4.005075417499271,4.032833791670218,0.26086956521739135,0.33333333333333337,0.23529411764705888,3,0.6,4.217498960849113,0.8461538461538461,4.045461564990525,4.0769563506435444,4.034963303106185,0.5652173913043479,0.5,0.5882352941176471,0,0
  mYI3W1,2024-12-03T10:08:56.232000,712.421,256,21,0.8464730290456431,4,0.2902097902097902,0.375,25,16.5,19.72800000000001,0.35933808801256556,0.2857142857142857,0.7357391205481029,0.7738927738927739,0.35294835888552256,0.3771279844899477,4.059190707890239,0.30379746835443033,3.1235280722141696,3.3421641633931465,3.036073635742579,0,0,0,4,1,4.158840898481265,0.6666666666666667,3.565447321935795,3.678926322079731,3.5200557218782205,0.095238095,0.16666666666666663,0.066666667,2,0.5
JWFJdD,2024-12-05T12:14:42.983000,718.889,280,65,0.9507575757575758,10,0.5714285714285714,0.6666666666666666,5,8,11.016999999999996,0.38948989343278306,0.1076923076923077,0.4137203379103036,0.8571428571428571,0.3496750375732549,0.4175860678102833,4.364853457411876,0.6958174904942966,4.138242926465866,4.326391512425104,4.115535338505268,0.4098360655737705,0.5714285714285714,0.38181818181818183,5,0.5,4.229707102664682,0.8783269961977186,4.034846593486834,4.103237932,4.026592466453088,0.6229508196721312,0.7142857142857143,0.6,3,0.3
7oW98a,2024-12-05T12:52:35.407000,720.979,350,44,0.8821752265861027,10,0.38888888888888884,0.4222222222222222,14,18,14.649999999999977,0.48545103255434624,0.13636363636363635,0.4973293258194761,0.9210526315789472,0.4908468223246058,0.48011257812176655,4.366961882358291,0.6371951219512195,4.275744190800371,3.591537045233751,4.383776898,0.38636363636363635,0,0.4473684210526315,1,0.1,4.222567134591179,0.8567073170731707,4.146070003793135,3.879982419319416,4.188083832920565,0.6363636363636364,0.16666666666666663,0.7105263157894737,0,0
Nv34Od,2024-12-08T11:42:58.020000,717.966,279,18,0.9358490566037736,3,0.2403846153846154,0.2928571428571428,46,34,16.67700000000002,0.38859778875322787,0.3333333333333333,0.6225949418217575,0.8208255159474673,0.4071570149574275,0.3579811340251841,4.230928084118687,0.5285171102661597,3.436235038764049,3.5051697268463595,3.4017676947228943,0.11111111111111116,0,0.16666666666666663,3,1,4.191685097284274,0.7642585551330798,3.8054075590513725,3.868824621047647,3.7736990280532337,0.2777777777777778,0.5,0.16666666666666663,0,0
  DYOJyZ,2024-12-09T09:24:19.735000,719.323,250,28,0.8529411764705882,6,0.3484848484848485,0.4,12,9,23.017000000000053,0.34754901483756256,0.21428571428571427,0.6930961473496606,0.8712121212121212,0.3469993581514763,0.3487903317131946,4.2741741560338475,0.576271186,3.788449400322391,4.363211613197441,3.6316960695382865,0.33333333333333337,0.6666666666666667,0.23809523809523814,4,0.6666666666666666,4.221068273173074,0.8516949152542372,3.8922911556699478,4.128754656135734,3.827801110088369,0.4814814814814815,0.8333333333333334,0.38095238095238093,3,0.5
tBKJyj,2024-12-09T09:52:50.221000,720.908,276,56,0.9423076923076923,10,0.5,0.6333333333333333,9.5,12.5,55.960000000000036,0.38285051629334116,0.16071428571428573,0.6019311756839987,0.7894736842105263,0.3433678160654656,0.44255342874367115,4.316750178947618,0.6085271317829457,3.9578132830995036,4.2861573409349605,3.894938889045905,0.2545454545454545,0.2222222222222222,0.26086956521739135,5,0.5,4.2182747800410985,0.8410852713178294,4.012124440101264,4.196293158168847,3.9768580898330046,0.5454545454545454,0.7777777777777778,0.5,2,0.2
WoB3UG,2024-12-09T11:39:55.641000,720.021,270,40,0.9007936507936508,7,0.65,0.4375,15.5,15,15.512,0.37498906281900113,0.2,0.5499089609886378,1.4857142857142858,0.36621155410081174,0.38571318367661805,4.231494898399654,0.5220883534136547,3.5993518339724675,3.374700158162915,3.655514752924855,0.19999999999999996,0.125,0.21875,5,0.7142857142857143,4.18848033,0.7670682730923695,3.8410128318235066,3.6992027327335335,3.876465356596001,0.30000000000000004,0.25,0.3125,2,0.2857142857142857
  R7IOSD,2024-12-09T12:53:27.852000,718.792,225,29,0.892018779,6,0.4375,0.5,12,13,18.242999999999938,0.3130251867021336,0.20689655172413793,0.5850552037307039,0.875,0.2948638989092413,0.33863186022886155,4.2350292211250045,0.47619047619047616,3.5120519076896155,3.258523636985377,3.5781897174385473,0.1428571428571429,0.16666666666666663,0.13636363636363635,4,0.6666666666666666,4.213982372368492,0.8285714285714285,3.872411930722525,3.6956063320459918,3.9185351303772724,0.2857142857142857,0.33333333333333337,0.2727272727272727,0,0
  XpJhGr,2024-12-09T13:54:46.258000,719.144,230,113,0.8340807174887892,16,1,1,5.5,7,29.478000000000065,0.31982468,0.25663716814159293,0.5723791062707887,1,0.25265837914790956,0.4097281161286548,3.969198227859004,0.27522935779816515,3.702960525,3.593721790046273,3.740673897710239,0.070707071,0.035714286,0.08,12,0.75,4.1432605237889275,0.6192660550458715,3.9433590587378182,3.9208977878497224,3.9511135451158528,0.46464646464646464,0.3571428571428571,0.48,4,0.25
YW513B,2024-12-10T11:17:40.531000,719.159,283,55,0.9018181818181819,9,0.5714285714285714,0.8333333333333334,12.5,11,19.815999999999974,0.3935152031748195,0.2727272727272727,0.6462632046598875,0.6857142857142856,0.37868518781494337,0.42060905763916473,4.123329539658919,0.4237918215613383,3.5308719464795226,3.617218148,3.4984921209657798,0.12962962962962965,0.19999999999999996,0.1,7,0.7777777777777778,4.172099560476015,0.7100371747211895,3.830916171329305,3.829311604348426,3.8315178839471336,0.2592592592592593,0.33333333333333337,0.22499999999999998,3,0.3333333333333333
B1RRkw,2024-12-10T12:25:30.116000,721.221,216,24,0.9362745098039216,4,0.7222222222222222,0.5,21,25.5,12.13799999999992,0.29949211129459624,0.16666666666666666,0.5142556858438676,1.4444444444444444,0.30197469883416195,0.29686380516600114,4.238071189909173,0.4630541871921182,3.6437965214805472,3.112688062974752,3.7500182131817064,0.16666666666666663,0,0.19999999999999996,1,0.25,4.211593899318872,0.8078817733990148,3.9244813956375553,3.5887435932118352,3.9916289561227005,0.33333333333333337,0.25,0.35,0,0
4fIbID,2024-12-10T13:03:06.859000,720.094,205,24,0.905940594,5,0.6333333333333333,0.3,21.5,17,18.370000000000005,0.28468505500670743,0.3333333333333333,0.6478848594766795,2.111111111111111,0.29579584085326377,0.26424142990108695,4.273033476153675,0.542713568,4.010307410673483,4.173445437975135,3.9287383970226566,0.375,0.625,0.25,2,0.4,4.212154795530884,0.8442211055276382,4.029630180683611,4.067263066752305,4.010813737649263,0.5,0.5,0.5,0,0
  1TF3H9,2024-12-11T09:44:12.200000,718.476,239,91,0.8430493273542601,14,0.6666666666666666,1,6,8.5,14.975999999999999,0.332648551,0.1978021978021978,0.5588189445437288,0.6666666666666666,0.27646463992348647,0.4038135138716253,4.049423760491149,0.29680365296803657,3.3464735209261174,3.1979265417848155,3.3831015431801372,0.039473684,0,0.046875,14,1,4.155051145950696,0.6621004566210046,3.7838438647479733,3.702922081586733,3.803797181143895,0.25,0.17647058823529416,0.25,4,0.2857142857142857
  GR6pWI,2024-12-11T10:38:09.629000,721.253,185,27,0.9034090909090909,2,0.4444444444444444,0.6666666666666666,27,46.5,12.819999999999993,0.25649806655916857,0.25925925925925924,0.49290332241252377,0.6666666666666666,0.2587846124419141,0.25427551982938934,4.100341951,0.38505747126436785,3.1656801616645986,3.0719448033643344,3.1984875370696906,0,0,0,2,1,4.174724353745293,0.7586206896551724,3.7015922495823226,3.5709648414385855,3.747311842,0.074074074,0,0.1,1,0.5
     5FdTAz,2024-12-11T11:13:49.827000,690.076,255,16,0.8978723404255319,3,0.4226190476190476,0.5277777777777778,33.5,18,50.256000000000085,0.3695245161402512,0.25,0.6768558825404737,0.8007518796992481,0.40678082221108935,0.291487663,4.116543522533679,0.375,3.246088180010344,3.521595077,3.154252547799818,0.0625,0.25,0,3,1,4.168000578587246,0.6982758620689655,3.6780022127004024,3.765788094742546,3.6487402520196883,0.125,0.25,0.083333333,1,0.3333333333333333
RkzwMO,2024-12-12T12:42:37.269000,720.462,311,41,0.6877076411960132,8,0.5714285714285714,0.5,16,9,18.83400000000006,0.43166745782567295,0.21951219512195122,0.5601544564460026,1.1428571428571428,0.4237183140471295,0.44179089405854344,3.9253427178325047,0.22592592592592597,3.1694430788984316,3.079919377,3.1946216199591726,0.028571429,0,0.037037037,7,0.875,4.121349670508295,0.6,3.6670832041427968,3.7025321053125086,3.6571132006888156,0.1428571428571429,0.2222222222222222,0.11111111111111116,4,0.5
B6ju5z,2024-12-12T13:04:59.042000,718.446,162,34,0.9620253164556962,7,0.4857142857142857,0.6666666666666666,9,10,14.087999999999994,0.22548667540775505,0.17647058823529413,0.5532928014074824,0.7285714285714286,0.20125229238939296,0.25550345085453446,4.327745066860223,0.5923566878980892,3.881715802714036,3.854694585439985,3.887506063558476,0.11764705882352944,0.16666666666666663,0.1071428571428571,4,0.5714285714285714,4.2304527198867055,0.8662420382165605,4.0648915572365585,4.028617248749792,4.072664623340867,0.4117647058823529,0.33333333333333337,0.4285714285714286,1,0.14285714285714285
kUPjH0,2024-12-12T13:16:30.348000,683.223,244,62,0.902542373,11,1,0.75,5,11,14.328000000000031,0.3571308342956839,0.080645161,0.351386004,1.3333333333333333,0.31656773924815174,0.3791058517696119,4.076488005764586,0.33476394849785407,3.501850258655357,3.0207691039398155,3.5440503599461937,0.14035087719298245,0,0.1454545454545455,10,0.9090909090909091,4.157436177949296,0.6652360515021459,3.772245881766323,3.512344563,3.7950442430743565,0.26315789473684215,0,0.2727272727272727,4,0.36363636363636365
  BHj9rH,2024-12-12T13:53:39.136000,719.645,202,17,0.8983957219251337,3,0.42857142857142855,0.36363636363636365,31.5,29,32.35799999999995,0.2806939532686255,0.17647058823529413,0.5773541120969368,1.1785714285714284,0.28640881850345373,0.2728871792342721,4.256286790196969,0.5459459459459459,3.9275302225531648,3.9641342181299755,3.9196865092152753,0.23529411764705888,0.33333333333333337,0.2142857142857143,2,0.6666666666666666,4.212715050143293,0.827027027,3.940384186541424,3.961923670638793,3.935768582806273,0.47058823529411764,0.33333333333333337,0.5,2,0.6666666666666666
  52MCE2,2024-12-16T12:20:24.410000,643.578,171,45,0.9583333333333334,6,0.7142857142857143,0.6666666666666666,6.5,9.5,16.341999999999985,0.2657020594240325,0.26666666666666666,0.5517419799931012,1.0714285714285716,0.24500899774422746,0.2911722803989061,4.245612995,0.5209580838323353,3.7837880418493595,3.735855892525348,3.8012179143308167,0.24444444444444446,0.33333333333333337,0.21212121212121215,4,0.6666666666666666,4.200450253534964,0.8023952095808383,3.921412272,3.840701675500202,3.9507615792443573,0.4444444444444444,0.41666666666666663,0.4545454545454546,1,0.16666666666666666
QPKs1S,2024-12-16T16:16:33.444000,716.087,289,45,0.9157894736842105,8,0.625,0.6666666666666666,21.5,14,10.317999999999984,0.4035822462913026,0.24444444444444444,0.5596554608588062,0.9375,0.3942489557393166,0.4154443827796718,4.173419072000224,0.4225352112676056,3.5691070637736435,3.4594282,3.6045914021153487,0.066666667,0,0.088235294,5,0.625,4.193862081210176,0.7746478873239436,3.9413598828514256,3.8528945397878163,3.9699810232543578,0.3555555555555555,0.4545454545454546,0.32352941176470584,1,0.125
LtxLUe,2024-12-17T16:37:50.088000,719.711,302,22,0.8448275862068966,4,0.36458333333333337,0.30952380952380953,24,26,18.01400000000001,0.41961287238905615,0.18181818181818182,0.5201226603456109,1.1778846153846154,0.4354353552137374,0.4024634236028873,4.092928697874521,0.3846153846153846,3.3234164123257504,3.4809422699655834,3.2884106661835646,0.1,0.33333333333333337,0.055555556,2,0.5,4.172818523729916,0.7132867132867133,3.712305368316287,3.618320632639157,3.7331908651334262,0.30000000000000004,0.33333333333333337,0.2777777777777778,2,0.5
uNzthJ,2024-12-17T20:11:41.061000,720.566,291,36,0.9496402877697842,7,0.6333333333333333,0.5,22.5,15,16.451000000000008,0.4038491963262213,0.2222222222222222,0.6850989361141103,1.2666666666666666,0.40311226980567555,0.40545245408912023,4.299885222182802,0.5776173285198556,3.423065351671782,3.6158962592186645,3.3679708066583864,0.055555556,0.25,0,4,0.5714285714285714,4.214905543603376,0.8194945848375451,3.769524882766204,3.866560591490532,3.7418003945592537,0.2222222222222222,0.375,0.1785714285714286,3,0.42857142857142855
UL2058,2024-12-18T13:10:49.581000,719.775,319,104,0.9038461538461539,18,0.7083333333333333,1,5,12,9.360000000000014,0.443194054,0.096153846,0.46643603903997777,0.7083333333333333,0.3872170709113601,0.4921285471011285,4.174077953639262,0.4724919093851133,3.6932281005170084,3.7515842768378618,3.6870199966530874,0.1089108910891089,0.19999999999999996,0.098901099,14,0.7777777777777778,4.1866454306994125,0.7508090614886731,3.9453999843085175,3.8841714745678666,3.951913655557523,0.3564356435643564,0.4,0.3516483516483516,4,0.2222222222222222
cc4Mur,2024-12-19T10:25:44.939000,720.16,355,41,0.8558558558558559,6,0.358974359,0.4,22,24.5,8.311999999999998,0.49294601199733395,0.2682926829268293,0.5711341924016886,0.8974358974358974,0.4765285382243963,0.5148096823073836,4.187238831840119,0.5,3.421610024559904,3.099938745,3.5395561604223333,0.1,0.1,0.1,6,1,4.1827968909097795,0.7469512195121951,3.795207552093766,3.5538004842094058,3.883723476984699,0.19999999999999996,0.1,0.23333333333333328,2,0.3333333333333333
1e3j8l,2024-12-19T11:09:40.552000,712.383,279,24,0.9015151515151515,5,0.3076923076923077,0.2857142857142857,26,29,29.385999999999967,0.39164325931416105,0.125,0.504863255,1.076923076923077,0.37813911070578554,0.4054126845974365,4.240204999610959,0.5381679389312977,3.694193613003174,3.613906631153823,3.705663181838796,0.083333333,0,0.095238095,2,0.4,4.207028634418091,0.8244274809160306,3.9213703762971037,3.7512492657369907,3.9456733920914067,0.375,0.33333333333333337,0.38095238095238093,1,0.2
46fj84,2024-12-19T12:15:18.812000,720.773,246,30,0.9033613445378151,6,0.4,0.6666666666666666,27,13,9.388000000000034,0.3413002429336282,0.16666666666666666,0.6820150033366954,0.6000000000000001,0.3397222821200298,0.34468465716965896,4.206570609874999,0.4576271186440678,3.5775025997626515,3.262764359560665,3.640450247803049,0.10344827586206895,0,0.12,6,1,4.199873049256243,0.8135593220338984,3.9099449384388936,3.6557208815836746,3.960789749809937,0.3448275862068966,0.19999999999999996,0.36,0,0
3XeA64,2024-12-23T11:54:04.860000,720.035,296,44,0.7676056338028169,8,0.6666666666666666,0.6666666666666666,13,12,17.30600000000004,0.4110911275146347,0.13636363636363635,0.5542188921371878,1,0.4009452283758962,0.423705051,4.0439047931406416,0.3146067415730337,3.3339890687827634,3.221441622716464,3.3517597181616527,0.046511627906976716,0,0.052631578947368474,8,1,4.145064845,0.6404494382022472,3.7211650067734414,3.6479511393555915,3.7327250911025764,0.093023256,0,0.10526315789473684,4,0.5
obHWs2,2024-12-23T14:38:54.121000,691.715,224,27,0.9466019417475728,4,0.5,0.7083333333333333,18,19,31.591000000000008,0.3238327924072775,0.25925925925925924,0.6373622084239897,0.7058823529411765,0.319819994,0.3308855773753997,4.200710463120461,0.4975609756097561,3.5777431100850685,3.7436562121311723,3.519673524368932,0.18518518518518523,0.2857142857142857,0.15000000000000002,3,0.75,4.198601825750706,0.7609756097560976,3.8872725762774993,3.960380788909307,3.8616847018563663,0.2592592592592593,0.2857142857142857,0.25,3,0.75
XoUYK5,2024-12-24T11:10:35.396000,655.87,274,106,0.870722433,20,0.9,1,4,5,15.53699999999992,0.417765716,0.10377358490566038,0.573671612,0.9,0.3375379397959889,0.5257209887846188,4.148604461927589,0.4559386973180076,3.704071441002074,3.217076149707512,3.7604603694677605,0.21978021978021978,0.18181818181818177,0.2142857142857143,15,0.75,4.173393675882679,0.7203065134099618,3.880093578,3.601618328529297,3.912338080229876,0.4505494505494505,0.090909091,0.47619047619047616,3,0.15
lgmeGb,2024-12-24T12:17:45.724000,720.937,244,36,0.8702928870292888,5,0.3333333333333333,0.6666666666666666,21.5,13,15.031999999999996,0.33844843585500534,0.19444444444444445,0.5281460099842289,0.5,0.35192772350036766,0.3233610737939367,4.093070464718659,0.41880341880341876,3.5248674493943604,3.4619896341790697,3.540044853067017,0.055555556,0,0.068965517,4,0.8,4.164512185450727,0.7008547008547008,3.8774472405148512,3.8590418225184804,3.8818899276174235,0.36111111111111116,0.1428571428571429,0.4137931034482759,3,0.6
4KxP86,2024-12-24T12:41:05.704000,720.078,293,41,0.9507042253521126,6,0.6,0.5277777777777778,22,14,8.377999999999986,0.4069003635717242,0.3170731707317073,0.6477784351139739,1.1368421052631579,0.42233803765025685,0.37850859727079544,4.187765636730459,0.5123674911660777,3.5799740537831846,3.587952741750985,3.5762696629409914,0.14634146341463417,0.23076923076923073,0.1071428571428571,4,0.6666666666666666,4.190126849007754,0.7420494699646643,3.8782105776127676,3.9401796753288565,3.8494392108160125,0.3902439024390244,0.3846153846153846,0.3928571428571429,2,0.3333333333333333
yrcRhl,2024-12-25T18:11:44.141000,721.666,165,19,0.9681528662420382,2,0.7142857142857143,0.5,12,25,35.799000000000035,0.2286376246075054,0.47368421052631576,0.7163092067521541,1.4285714285714286,0.22246467647832607,0.24422410003419143,4.252586666088976,0.5512820512820513,3.3467721703406106,3.4338031144564516,3.2684443206363545,0.055555556,0.11111111111111116,0,2,1,4.189671019537068,0.7628205128205128,3.831579655978379,3.905690496737076,3.7648798992955497,0.16666666666666663,0.11111111111111116,0.19999999999999996,1,0.5
p3juAg,2024-12-26T09:29:35.982000,719.781,245,90,0.9282700421940928,13,1,1,5,9,25.29600000000005,0.3403813104263658,0.15555555555555556,0.5379052795225217,1,0.3228522576412672,0.360786153,4.175365978805719,0.44680851063829785,3.6471094113145646,3.696696934507364,3.637974867568522,0.19277108433734935,0.1428571428571429,0.19444444444444442,8,0.6153846153846154,4.172240849749345,0.6893617021276596,3.8729272086922184,3.8798821532409336,3.871646034696403,0.3855421686746988,0.4285714285714286,0.36111111111111116,3,0.23076923076923078
Y7u23q,2024-12-26T12:39:03.547000,720.08,369,45,0.9415041782729805,9,0.8,0.45,25.5,12,6.573999999999984,0.512443062,0.28888888888888886,0.6940589934451727,1.777777777777778,0.5122274289784664,0.512932248,4.360877598932974,0.6815642458100559,4.092637360424976,4.141615273446663,4.072740083259914,0.33333333333333337,0.23076923076923073,0.375,4,0.4444444444444444,4.22665204,0.8910614525139665,4.057337088883881,4.100116694255597,4.039957874201621,0.6,0.5384615384615384,0.625,1,0.1111111111111111
ZCOnQ5,2024-12-30T12:21:21.422000,719.588,294,23,0.8538461538461538,3,0.3333333333333333,0.5,47,29,12.222999999999999,0.4085671245212538,0.391304348,0.7331153382213155,0.6666666666666666,0.40376008689372017,0.42177175378943704,4.295533787208753,0.5581395348837209,3.6406384176618793,3.5572824547669004,3.694224393808652,0.086956522,0,0.1428571428571429,3,1,4.214549521051841,0.8217054263565892,3.9864393395646944,3.985598651228665,3.986979782066425,0.26086956521739135,0.11111111111111116,0.3571428571428571,0,0
LA4bjr,2024-12-30T16:03:50.962000,719.963,310,50,0.7993079584775087,10,0.5,0.5,14,11.5,21.057000000000016,0.4305776824642378,0.1,0.5767199147733981,1,0.44795853734312424,0.40689623489725874,4.107066634755565,0.3710247349823321,3.5840724448916585,2.9637557593933055,3.652996521058142,0.10204081632653061,0,0.11363636363636365,8,0.8,4.178983600789511,0.7102473498233215,3.887781684028107,3.537698649379839,3.9266797989890265,0.30612244897959184,0,0.34090909090909094,1,0.1
x3BX3H,2024-12-31T09:16:20.402000,720.724,323,42,0.9196141479099679,10,0.30434782608695654,0.6666666666666666,10,11,8.667,0.448160461,0.071428571,0.5789331283542658,0.4565217391304348,0.4289983726821507,0.4745067930260679,4.256361870333961,0.5307443365695793,3.493887294065007,3.4211906865129733,3.499479340799779,0.047619048,0.33333333333333337,0.025641026,8,0.8,4.209800920248796,0.8349514563106796,3.8480547634666133,3.663502120812131,3.8622511205938825,0.30952380952380953,0.33333333333333337,0.3076923076923077,2,0.2
WekwE9,2024-12-31T14:36:35.016000,706.945,249,27,0.8870292887029289,5,0.4,0.5,17,12,18.18399999999997,0.3522197624992043,0.3333333333333333,0.700139332,0.8,0.35558428963956684,0.34436398801802004,4.201402526387471,0.4852320675105485,3.5977045893066784,3.7123215060219437,3.5403961309490453,0.074074074,0,0.11111111111111116,4,0.8,4.209205204701162,0.810126582,3.914805328,3.926861865,3.9087770587509194,0.33333333333333337,0.2222222222222222,0.38888888888888884,2,0.4
cL5U0l,2025-01-02T08:37:00.769000,719.433,186,61,0.9010989010989011,10,1,1,6,8,29.899,0.25853693116662707,0.19672131147540983,0.5033477752619074,1,0.2181567138419055,0.2994615289889954,4.063380584849967,0.3370165745856354,3.612694878353415,3.3350597281797967,3.6806871600285866,0.1454545454545455,0.083333333,0.14893617021276595,7,0.7,4.163443481,0.6408839779005524,3.860050772596341,3.7313424249940628,3.8915711842540417,0.34545454545454546,0.25,0.34042553191489366,3,0.3
emzHyS,2025-01-02T16:46:36.865000,719.831,282,70,0.8044280442804428,12,0.775,0.8166666666666667,6,10,31.187999999999988,0.39175862112079085,0.18571428571428572,0.5945784496638795,0.9489795918367347,0.3668258581855905,0.4283242243048298,4.021709418381686,0.3446969696969697,3.410413865223645,3.039577619278254,3.4949905528954006,0.10526315789473684,0,0.13043478260869568,10,0.8333333333333334,4.129263267296687,0.625,3.6997698054355674,3.5243622263028316,3.7397750427816296,0.33333333333333337,0.16666666666666663,0.3695652173913043,5,0.4166666666666667
NqOPTt,2025-01-06T09:04:40.199000,720.218,210,39,0.8743718592964824,6,1,0.6666666666666666,11,21,39.784000000000106,0.2915783832117498,0.15384615384615385,0.45800577047505053,1.5,0.2970921349404604,0.286919053,4.322576802,0.5989583333333333,3.972111499952017,3.485427952050093,4.060599417752366,0.11111111111111116,0,0.125,1,0.16666666666666666,4.197183685452919,0.7864583333333334,4.100606725207737,3.86551694,4.143350322603083,0.5833333333333333,0.33333333333333337,0.65625,0,0
lkQZDf,2025-01-06T09:54:01.690000,705.405,181,33,0.9819277108433735,4,0.75,0.6458333333333333,12,21,25.303999999999974,0.25659018577980025,0.24242424242424243,0.4967047299069329,1.1612903225806452,0.2540113819931617,0.2591352207015241,4.401097493654535,0.7151515151515151,4.143116295,4.353894051979919,4.075667413084585,0.33333333333333337,0.5,0.28,2,0.5,4.221027079074676,0.8787878787878788,4.115230666124214,4.242679946822148,4.074446896300875,0.5757575757575757,0.875,0.48,0,0
w30KjT,2025-01-06T11:07:47.197000,719.62,251,43,0.9453781512605042,5,0.7083333333333333,0.75,24,17,18.319999999999936,0.34879519746532894,0.27906976744186046,0.6087685167171563,0.9444444444444443,0.3469670061769258,0.3516399207211815,4.179254151429008,0.4723404255319149,3.536737367954894,3.6259576216140013,3.5022004955707224,0.093023256,0.083333333,0.096774194,4,0.8,4.200777128,0.8170212765957447,3.892609982739566,4.028167956517836,3.8401359283737833,0.32558139534883723,0.33333333333333337,0.32258064516129037,2,0.4
lgAYMdeU,2025-01-08T10:40:23.865000,719.511,275,32,0.897119342,5,0.3708791208791209,0.4,27.5,19,7.771000000000015,0.3822040246778715,0.28125,0.5655271427399998,0.9271978021978022,0.3932141075391432,0.3678728631384994,4.328839861688653,0.6317991631799162,3.409999372298143,3.246754625717809,3.4738777513947965,0.09375,0.11111111111111116,0.086956522,4,0.8,4.213140875677906,0.8451882845188284,3.7692692107048202,3.7310841222989475,3.7842112018201637,0.21875,0.11111111111111116,0.26086956521739135,1,0.2
 onRQQXIH,2025-01-09T09:34:35.469000,720.154,307,50,0.9133333333333333,9,0.8,0.6666666666666666,11,18,14.058999999999997,0.42629770854567217,0.14,0.4695953920966905,1.2000000000000002,0.3814525357722639,0.46600152366790326,4.166859008820373,0.44630872483221473,3.555337042674958,3.748607255757072,3.5238744498476375,0.10869565217391308,0.1428571428571429,0.12195121951219512,7,0.7777777777777778,4.185490020107778,0.7214765100671141,3.8030341809608483,3.8788291859181334,3.7906954592236164,0.28260869565217395,0.1428571428571429,0.31707317073170727,4,0.4444444444444444
Zg3xvI,2025-01-09T11:46:16.461000,719.773,270,64,0.8969465648854962,10,0.5,0.75,11,13,55.89599999999999,0.3751182664534513,0.1875,0.5565685292446367,0.6666666666666666,0.334495748,0.42610521038944743,4.101369617439974,0.40384615384615385,3.5564859559195234,3.3275665512189057,3.609313510850435,0.11111111111111116,0.090909091,0.11538461538461542,8,0.8,4.165374170753583,0.6846153846153846,3.8672297238047912,3.679760150931113,3.910491932929488,0.2857142857142857,0.18181818181818177,0.3076923076923077,1,0.1
 fcMg35,2025-01-09T12:18:43.476000,669.817,145,27,0.9436619718309859,5,0.8166666666666667,1,11,10,86.688,0.21647703775807423,0.2962962962962963,0.6404211896682228,0.8166666666666667,0.15385870642126978,0.32800225864846466,4.172395406338303,0.4571428571428572,3.268352348591258,3.241690762678159,3.2795782795020347,0,0,0,4,0.8,4.188340907691977,0.7642857142857142,3.6526834364678558,3.6141573593128253,3.668904942638394,0.11111111111111116,0.125,0.10526315789473684,2,0.4
K1E8m2,2025-01-09T12:48:05.158000,718.86,268,43,0.8674242424242424,7,0.8541666666666667,0.75,9.5,16,14.096000000000004,0.37281250869432153,0.093023256,0.3972442478368529,1.138888888888889,0.31166502663160134,0.41311156089241335,4.086808064628942,0.3961538461538462,3.156833411769607,3.1607755040008767,3.156429094617682,0.027027027027026973,0,0.028571429,6,0.8571428571428571,4.163187636341624,0.6807692307692308,3.6613894842703036,3.7529999641307006,3.651993537617957,0.1351351351351351,0.25,0.11428571428571432,6,0.8571428571428571
V25QLT4f,2025-01-13T12:46:19.130000,720.779,215,29,0.8647342995169082,5,0.625,0.4722222222222222,14,17,20.086000000000013,0.29828837965590005,0.2413793103448276,0.5268480352507495,1.3235294117647058,0.2738708751491148,0.32547692632492564,4.165998441962418,0.40594059405940597,3.392142920720269,3.142350486033275,3.4716223317570396,0.1071428571428571,0,0.1428571428571429,3,0.6,4.1724895821767705,0.6881188118811881,3.7303679361954574,3.5777632966640027,3.778923957864556,0.1785714285714286,0.1428571428571429,0.19047619047619047,1,0.2
EVhG6aHF,2025-01-13T15:19:36.888000,720.182,266,40,0.8875968992248062,7,0.75,0.6333333333333333,19.5,21,9.848000000000013,0.3693510806990455,0.1,0.4662585290940347,1.1842105263157896,0.354387104,0.3824231056398304,4.138518193340554,0.3984375,3.312218297,3.354734255914993,3.307494301417579,0.10256410256410253,0.25,0.085714286,6,0.8571428571428571,4.192174995,0.7421875,3.689157324532501,3.6147894719662554,3.697420419262085,0.17948717948717952,0.25,0.17142857142857137,3,0.42857142857142855
 uT2p5Kxu,2025-01-14T11:14:06.140000,716.491,240,25,0.9436619718309859,5,0.4307692307692308,0.4083333333333333,20,11,24.13499999999999,0.33496582650724155,0.16,0.5280108193961961,1.054945054945055,0.3251258871575275,0.3459736941710825,4.2827193471006675,0.570754717,3.906155742507518,3.9129510546638926,3.904861397334876,0.24,0.25,0.23809523809523814,4,0.8,4.2047991355060415,0.7924528301886793,3.9608784138412236,3.9757138467744335,3.9580526170920427,0.43999999999999995,0.5,0.4285714285714286,1,0.2
KGbWgG,2025-01-14T11:48:45.445000,714.483,268,24,0.9221311475409836,4,0.8333333333333334,0.42857142857142855,15,31.5,19.329000000000065,0.37509639837476894,0.125,0.4020487541341083,1.9444444444444446,0.3550827307950719,0.38855313112965983,4.319744556480243,0.6378600823045267,3.849104270671086,4.218141468157678,3.7963846710301445,0.34782608695652173,0.6666666666666667,0.30000000000000004,3,0.75,4.215586515013793,0.8395061728395061,3.969943449302433,4.0555325404973575,3.9577164362745867,0.34782608695652173,0.6666666666666667,0.30000000000000004,0,0
od8GVpsB,2025-01-14T12:15:36.820000,719.247,221,32,0.8878504672897196,6,0.625,0.6666666666666666,14,18,13.59899999999999,0.3072657932532218,0.125,0.43340882895583827,0.9375,0.3175845608992457,0.2993725445930127,4.145688685202297,0.3820754716981132,3.350026094464904,2.9260881555892766,3.4105886571614223,0.033333333333333326,0,0.038461538461538436,3,0.5,4.176339288744447,0.6839622641509434,3.761701220383344,3.405645153256093,3.8125663728300943,0.30000000000000004,0,0.34615384615384615,1,0.16666666666666666
U7staN,2025-01-14T15:45:04.477000,720.938,285,28,0.9233576642335767,3,0.4,0.42857142857142855,27.5,29,10.435999999999979,0.3953183214090532,0.32142857142857145,0.5885124657044017,0.9333333333333335,0.3865362813795575,0.40787845896102226,4.311816940352037,0.6007326007326007,3.852601707238633,3.5775186964633914,3.9829041860269045,0.2857142857142857,0.33333333333333337,0.26315789473684215,2,0.6666666666666666,4.2023769279529475,0.7948717948717949,3.9486468788232947,3.7330032546657628,4.050793858687388,0.5,0.33333333333333337,0.5789473684210527,1,0.3333333333333333
OurLAP,2025-01-14T16:02:13.773000,719.174,226,19,0.9398148148148148,4,0.6458333333333333,0.4166666666666667,22,24,19.495999999999995,0.3142494027870863,0.21052631578947367,0.5526173081896733,1.5499999999999998,0.3094900208339623,0.3201282999633252,4.2954952363467065,0.5934579439252337,3.447995146547835,3.665762715,3.3899237950880514,0.052631578947368474,0,0.066666667,3,0.75,4.202683625739904,0.7757009345794392,3.7305857478638953,3.803411305012718,3.711165599290875,0.21052631578947367,0.25,0.19999999999999996,2,0.5
KRFF0w,2025-01-16T10:20:30.457000,718.978,247,22,0.9324894514767933,4,0.5,0.4222222222222222,21,29,13.394999999999982,0.3435431960365964,0.22727272727272727,0.5047609245345477,1.1842105263157894,0.3416806278105987,0.3454415754382615,4.329467363991109,0.6223175965665235,3.360354946448507,2.9724306008498758,3.4744503422128115,0.045454545454545414,0,0.058823529,2,0.5,4.2157985818289125,0.8669527896995708,3.8266824464069837,3.6451861424700915,3.880063712270774,0.2272727272727273,0,0.2941176470588235,0,0
skLjvwiT,2025-01-16T10:43:16.968000,719.247,200,70,0.8673469387755102,14,1,0.8,6,5.5,14.632000000000005,0.27806859117938626,0.21428571428571427,0.591283662,1.25,0.24454534552611346,0.32656615686061075,4.135899464431532,0.4248704663212435,3.718705119448165,3.851779504718371,3.6824121052835634,0.18461538461538463,0.2142857142857143,0.17647058823529416,9,0.6428571428571429,4.164065825369502,0.689119171,3.8909192959037333,3.936293257496367,3.8785445791057436,0.4307692307692308,0.5714285714285714,0.3921568627450981,3,0.21428571428571427
xPZUwWmQ,2025-01-16T17:10:37.450000,720.085,290,80,0.9154929577464789,13,0.7083333333333333,0.8333333333333334,8,10,16.54200000000003,0.40273023323635404,0.15,0.45663775804245343,0.8499999999999999,0.40143787748845855,0.40381631980207894,4.189105766788752,0.5107142857142857,3.8626186896029218,3.8876916050662866,3.8581940574623284,0.2435897435897436,0.16666666666666663,0.25757575757575757,9,0.6923076923076923,4.186020600828048,0.7821428571428571,3.982753828346206,4.102109266501896,3.961691104,0.46153846153846156,0.5833333333333333,0.43939393939393945,4,0.3076923076923077
pv54XYs0,2025-01-16T22:42:30.958000,719.684,277,57,0.9053030303030303,11,0.7142857142857143,0.5634920634920635,8,10,8.978000000000002,0.38489114666992735,0.14035087719298245,0.4827535418322484,1.267605633802817,0.3684195377486114,0.4002643356417928,4.257907555699886,0.5703422053231939,3.7684543002281865,4.106208692669758,3.713310725952011,0.21052631578947367,0.375,0.18367346938775508,7,0.6363636363636364,4.189495052569289,0.7566539923954373,3.9266400180817835,4.0152369548794145,3.9121752120740076,0.42105263157894735,0.75,0.36734693877551017,3,0.2727272727272727
fKsxuz,2025-01-20T09:06:41.559000,704.341,183,49,0.8192090395480226,9,0.8571428571428571,1,9,8,15.038000000000011,0.259817333,0.1836734693877551,0.590921159,0.8571428571428571,0.24266596189423606,0.284592772,4.079256098778973,0.3505747126436781,3.478142866481526,3.241163292070278,3.531463270724057,0.13636363636363635,0.11111111111111116,0.1282051282051282,8,0.8888888888888888,4.165187166977513,0.6436781609195402,3.8200065228676148,3.734017834811306,3.8393539776802847,0.2727272727272727,0.11111111111111116,0.28205128205128205,4,0.4444444444444444
xZERPu,2025-01-20T09:52:33.848000,719.998,259,114,0.8695652173913043,16,1,1,4,8,7.728000000000009,0.3597232214533929,0.16666666666666666,0.4552929313692539,1,0.29895366218236163,0.41051740491804956,4.058865282988586,0.33466135458167334,3.6328004864349097,3.4993048145827648,3.6594996208053394,0.1,0.052631578947368474,0.1071428571428571,15,0.9375,4.155409369447901,0.6812749003984064,3.9065131128981276,3.932885983344294,3.901238538808893,0.41000000000000003,0.3157894736842105,0.41666666666666663,8,0.5
eC06dywT,2025-01-20T12:18:25.108000,720.182,221,31,0.9567307692307693,6,0.4444444444444444,0.6125,12,12.5,24.480999999999995,0.306866875,0.2903225806451613,0.6117773007378691,0.7256235827664398,0.29732790728816516,0.32189877356567276,4.4247791622434125,0.7766990291262136,4.230506485848524,3.840155457128157,4.390195543052312,0.3548387096774194,0.11111111111111116,0.4545454545454546,0,0,4.238937130374157,0.9320388349514563,4.169954449746655,4.084582599070324,4.204879297750608,0.6774193548387097,0.4444444444444444,0.7727272727272727,0,0
65FZVx,2025-01-20T12:48:37.253000,720.079,292,25,0.8505338078291815,5,0.2916666666666667,0.6190476190476191,34.5,21,46.15100000000007,0.40551106198069936,0.28,0.7143091244155154,0.47115384615384615,0.3849451453167924,0.4569317518957805,4.142552038961212,0.42028985507246375,3.1406469384499296,2.717364763429674,3.305256673180028,0,0,0,4,0.8,4.177737389734114,0.7391304347826086,3.644769510043693,3.267225154478036,3.791592314985893,0.16666666666666663,0,0.2222222222222222,1,0.2
YyLeol,2025-01-20T19:22:56.104000,721.399,240,47,0.8927038626609443,10,0.8333333333333334,0.6666666666666666,9,11,11.200999999999965,0.33268690419587493,0.19148936170212766,0.5368180438287272,1.2500000000000002,0.3279450498373186,0.33818261262528465,4.167330505703797,0.40174672489082974,3.4585143436088397,3.197166579202597,3.520412498336633,0.1333333333333333,0,0.16666666666666663,6,0.6,4.196621419980188,0.8034934497816594,3.777350397468703,3.587460414703519,3.8223243407551935,0.3111111111111111,0.2222222222222222,0.33333333333333337,3,0.3
sFcoQxyJ,2025-01-21T09:29:29.168000,719.581,178,58,0.8383233532934131,9,1,1,5.5,8,18.007,0.24736617559385252,0.1724137931034483,0.5255391679324497,1,0.2247678280552558,0.27239736038170786,3.884803854,0.1875,3.269314643411995,2.983315058009402,3.3288978903708695,0.040816327,0,0.045454545454545414,9,1,4.103888364474434,0.5375,3.6806400716572893,3.5570858967671812,3.706380524759395,0.1428571428571429,0.19999999999999996,0.11363636363636365,4,0.4444444444444444
ooZSPZ,2025-01-21T12:44:07.673000,719.965,311,107,0.862876254,17,0.9166666666666667,0.6458333333333333,6.5,8,11.880000000000003,0.4319654427645788,0.19626168224299065,0.5546269610328277,1.4193548387096777,0.35310734463276855,0.5301681256685572,4.174779280485171,0.4242424242424242,3.8824985142132453,3.9566605698755626,3.864389175039889,0.095238095,0.1428571428571429,0.083333333,11,0.6470588235294118,4.1932972027311095,0.7542087542087542,4.0398279071524055,4.038904184172747,4.0400534674148805,0.47619047619047616,0.47619047619047616,0.47619047619047616,3,0.17647058823529413
KHWkGA,2025-01-23T11:13:40.512000,720.643,290,27,0.9708029197080292,3,0.675,0.39230769230769236,32,48,10.227000000000032,0.4024183957937564,0.2222222222222222,0.41134930888109655,1.7205882352941175,0.4183027702438299,0.3913183893712268,4.394757342346849,0.6703296703296704,3.9159028419572355,4.121236087772341,3.8572362002957767,0.14814814814814814,0.16666666666666663,0.1428571428571429,3,1,4.243215616070201,0.9267399267399268,4.094105107448984,4.193451351366215,4.065720466329775,0.5925925925925926,0.6666666666666667,0.5714285714285714,1,0.3333333333333333
raK5i3,2025-01-27T14:05:55.592000,706.645,287,55,0.8492647058823529,12,0.6,1,11,8.5,36.051000000000045,0.40614452801618917,0.090909091,0.6034218030269795,0.6,0.4033723807178622,0.4103625463888095,4.186937348711109,0.5038167938931297,3.494346991776044,3.716637757042393,3.472117915249409,0.037735849056603765,0,0.041666667,10,0.8333333333333334,4.166847142459457,0.7366412213740459,3.828762061,3.9776702455825252,3.8138712422542183,0.2264150943396226,0.4,0.20833333333333337,3,0.25
mkSJjy,2025-01-28T11:16:35.615000,719.817,291,56,0.8642857142857143,9,0.6666666666666666,0.6666666666666666,9.5,17,15.928,0.4042694184771963,0.2857142857142857,0.560438278,1,0.36934853363674436,0.4487933148759183,4.112528456489871,0.4,3.468946435300348,3.5776674449518735,3.4254580314397374,0.037735849056603765,0,0.054054054,8,0.8888888888888888,4.166154932375332,0.6945454545454546,3.8173582189548827,3.852152879286335,3.8034403548223024,0.24528301886792447,0.25,0.2432432432432432,2,0.2222222222222222