Subject_ID,Total_Shapes_Logged,Illegal_Steps_Count,Illegal_Percentage,Group,Platform
000001,333,4,1.2,,
Test,5,0,0,,
Test2,8,0,0,,
d,0,0,0,,
TEST2,271,1,0.37,,
e,2,0,0,,
AVQAV3,244,0,0,,
ywsSnI,169,1,0.59,,
WF2zDd,212,3,1.42,,
ChXIQE,196,0,0,,
9njfJR,344,0,0,,
zwWAyy,318,4,1.26,,
נסיון מור,2,0,0,,
DkcybF,288,1,0.35,,
4zw0DO,254,0,0,,
olpEYy,129,0,0,,
9jukD9,249,4,1.61,,
QElY1e,236,1,0.42,,
mYI3W1,276,5,1.81,,
uhLE7P,247,1,0.4,,
JWFJdD,344,1,0.29,,
7oW98a,393,23,5.85,,
Nv34Od,296,9,3.04,,
DYOJyZ,277,7,2.53,,
tBKJyj,331,1,0.3,,
WoB3UG,309,2,0.65,,
R7IOSD,253,0,0,,
XpJhGr,342,0,0,,
EDEWtP,297,5,1.68,,
B1RRkw,239,0,0,,
1TF3H9,329,7,2.13,,
GR6pWI,211,0,0,,
5FdTAz,270,5,1.85,,
RkzwMO,351,12,3.42,,
B6ju5z,195,0,0,,
BHj9rH,218,6,2.75,,
EG8LWj,275,2,0.73,,
YW513B,337,10,2.97,,
4fIbID,228,1,0.44,,
kUPjH0,305,3,0.98,,
52MCE2,215,0,0,,
QPKs1S,333,2,0.6,,
LtxLUe,323,2,0.62,,
EXAMPLE,378,10,2.65,,
uNzthJ,326,13,3.99,,
UL2058,422,8,1.9,,
cc4Mur,395,12,3.04,,
1e3j8l,302,16,5.3,,
46fj84,275,1,0.36,,
talerditest,4,0,0,,
3XeA64,339,12,3.54,,
obHWs2,250,8,3.2,,
XoUYK5,382,6,1.57,,
lgmeGb,279,8,2.87,,
yrcRhl,183,3,1.64,,
p3juAg,334,6,1.8,,
4KxP86,333,5,1.5,,
Y7u23q,413,8,1.94,,
ZCOnQ5,316,8,2.53,,
LA4bjr,359,10,2.79,,
x3BX3H,364,5,1.37,,
WekwE9,275,8,2.91,,
cL5U0l,246,1,0.41,,
jUleiG,278,11,3.96,,
emzHyS,351,4,1.14,,
999999,19,0,0,,
vQtQiu,194,1,0.52,,
NqOPTt,248,0,0,,
lkQZDf,213,0,0,,
w30KjT,293,6,2.05,,
lgAYMdeU,306,5,1.63,,
onRQQXIH,356,10,2.81,,
Zg3xvI,333,4,1.2,,
fcMg35,171,0,0,,
K1E8m2,310,3,0.97,,
V25QLT4f,243,2,0.82,,
EVhG6aHF,305,2,0.66,,
uT2p5Kxu,264,4,1.52,,
KGbWgG,291,3,1.03,,
od8GVpsB,252,1,0.4,,
U7staN,312,3,0.96,,
OurLAP,244,0,0,,
aWb5B4,171,7,4.09,,
KRFF0w,268,6,2.24,,
skLjvwiT,269,0,0,,
9CHQKL,135,2,1.48,,
xPZUwWmQ,369,8,2.17,,
pv54XYs0,333,2,0.6,,
fKsxuz,231,0,0,,
xZERPu,372,0,0,,
eC06dywT,251,2,0.8,,
65FZVx,316,8,2.53,,
YyLeol,286,0,0,,
x2GCd4,280,1,0.36,,
sFcoQxyJ,235,0,0,,
ooZSPZ,425,4,0.94,,
KHWkGA,316,12,3.8,,
raK5i3,342,11,3.22,,
mkSJjy,346,7,2.02,,
LSV8bI,292,5,1.71,,
x8Q5jE1h,183,0,0,,
9999 test,16,3,18.75,,
test,1,0,0,,
test2,4,0,0,,
pYbZqx,265,0,0,,
wCpBYv,228,1,0.44,,
5szfEs,367,1,0.27,,
vXm87u,298,2,0.67,,
fzgsNA,418,31,7.42,,
HZFCzD,226,3,1.33,,
9yzFQQ,194,2,1.03,,
fg4reg,141,0,0,,
kG7Y5M,309,21,6.8,,
v2Kkb8,301,2,0.66,,
4zPN8R,246,14,5.69,,
BfscM8,252,0,0,,
VjY2BA,276,18,6.52,,
323834622,124,0,0,,
eNSFpt,221,1,0.45,,
6X37Nv,301,5,1.66,,
yktTkS,313,44,14.06,,
dz2REE,357,18,5.04,,
ekwUtx,224,6,2.68,,
cdn5t3,192,0,0,,
FXaRR3,398,17,4.27,,
y6fTrk,234,0,0,,
y5tk3N,221,0,0,,
YAfvZQ,445,9,2.02,,
ECuaTV,191,0,0,,
e2yCyw,311,3,0.96,,
U5jUVr,149,1,0.67,,
YrH8Pg,172,5,2.91,,
XxhvBz,249,0,0,,
326448545,117,6,5.13,,
bvj9dk,189,0,0,,
8ZapMM,273,3,1.1,,
p2K35h,192,18,9.38,,
DrwD4V,109,0,0,,
bhgd2X,276,4,1.45,,
abZCyt,374,3,0.8,,
DpEDvT,289,4,1.38,,
TSUVQf,209,1,0.48,,
209047653,153,0,0,,
ThQbFX,306,3,0.98,,
TeCqq9,214,1,0.47,,
fwe96v,134,1,0.75,,
6VasU9,273,0,0,,
95xyap,231,9,3.9,,
27qTZY,120,1,0.83,,
BcGufE,338,1,0.3,,
585dPD,229,0,0,,
V3EJt8,324,5,1.54,,
UrghCw,285,8,2.81,,
6m9vuK,200,3,1.5,,
mkbvhj,199,0,0,,
HMepuV,366,3,0.82,,
yDKkeH,422,15,3.55,,
Tfxtuc,337,12,3.56,,
EqkRDu,285,0,0,,
t4z8fx,377,4,1.06,,
2BRp8e,304,0,0,,
DnqxaP,315,6,1.9,,
Dpd4qr,232,3,1.29,,
9JS4rf,241,5,2.07,,
CnjDSf,234,0,0,,
cnXgb2,93,1,1.08,,
G839ms,348,19,5.46,,
F3PYdt,200,2,1,,
VE7CuF,229,1,0.44,,
FdwMSA,221,1,0.45,,
957H63,263,7,2.66,,
EWaC5J,119,27,22.69,,
RRMb53,281,3,1.07,,
kPjb3e,217,2,0.92,,
t2ssnw,292,2,0.68,,
EY5GTz,221,2,0.9,,
אורי,230,2,0.87,,
KdS4cj,195,0,0,,
SAws6H,410,17,4.15,,
48p53b,270,1,0.37,,
wQP4Rw,311,0,0,,
zbSRj4,290,10,3.45,,
gxxTvD,177,2,1.13,,
rmpKCM,357,8,2.24,,
GJxEv8,389,12,3.08,,
acrME7,297,1,0.34,,
6aBPk4,695,27,3.88,,
DjbHGY,360,4,1.11,,
WdtMYH,265,1,0.38,,
bDx2rX,271,0,0,,
XaecKP,261,1,0.38,,
8w28YG,131,0,0,,
y4sAPf,183,0,0,,