ID,Date/Time,Total Play Time,Total # moves,#galleries,self avoidance,#clusters,exp efficiency,scav efficiency,median exp steps,median scav steps,max dt,robust_median_exploit_pace,robust_threshold_exploit_pace,Average Speed,% galleries in exp,% time in exp,efficiency ratio,exp speed,scav speed,Step Orig,% steps uniquely covered,Gallery Orig,Gallery Orig exp,Gallery Orig scav,% galleries uniquely covered,% galleries uniquely covered exp,% galleries uniquely covered scav,# clusters in GC,% clusters in GC,Step Orig (sample),% steps uniquely covered (sample),Gallery Orig (sample),Gallery Orig exp (sample),Gallery Orig scav (sample),% galleries uniquely covered (sample),% galleries uniquely covered exp (sample),% galleries uniquely covered scav (sample),# clusters in GC (sample),% clusters in GC (sample)
YW513B,2024-12-10T11:17:40.531000,719.159,296,55,0.8993055555555556,9,0.5,0.8333333333333334,12.5,11,19.815999999999974,,,0.41159187328532354,0.2727272727272727,0.6462632046598875,0.6,0.4002013916680652,0.43240183495615064,4.108311365700099,0.40070922,3.5308719464795226,3.617218148,3.4984921209657798,0.12962962962962965,0.19999999999999996,0.1,7,0.7777777777777778,4.123141970235376,0.6134751773049645,3.7168157881974007,3.734244199070212,3.7102801341200973,0.20370370370370372,0.33333333333333337,0.15000000000000002,5,0.5555555555555556
אורי,2026-01-12T17:54:23.881000,718.753,199,34,0.9538461538461539,5,0.8,0.6666666666666666,13,22,19.28200000000004,,,0.2768684095927252,0.2647058823529412,0.5351880270412783,1.2000000000000002,0.25476514812773615,0.3023182722959725,4.140429000685692,0.3917525773195877,3.420547358850801,3.1166611968217044,3.5299463771812767,0.088235294,0,0.12,3,0.6,4.121744077981282,0.6391752577319587,3.6057291250973926,3.421835025789613,3.671931000848194,0.1470588235294118,0,0.19999999999999996,2,0.4
DrwD4V,2025-12-11T10:37:43.667000,716.359,90,20,0.8735632183908046,3,0.75,0.75,23,11,81.54499999999996,,,0.12563533088856285,0.4,0.6923023232764577,1,0.11896672359594061,0.1406393191242253,4.1751111783763335,0.41860465116279066,3.7957488588300476,3.3540599764212367,4.090208113769254,0.050000000000000044,0,0.083333333,1,0.3333333333333333,4.175549453872191,0.6627906976744187,3.9954602522354614,3.694542102,4.196072352716869,0.44999999999999996,0.125,0.6666666666666667,1,0.3333333333333333
8w28YG,2026-01-23T08:32:43.434000,716.038,112,19,0.9444444444444444,4,0.6904761904761905,0.7333333333333334,11,12.5,37.031000000000006,,,0.15641627958292717,0.10526315789473684,0.4554981718847323,0.9415584415584415,0.1502357781906707,0.16158652317099442,4.245317625453388,0.5238095238095238,3.2681550378816575,4.0676264703256875,3.1740995752411836,0.052631578947368474,0.5,0,4,1,4.165177360380284,0.7142857142857143,3.459587514081085,3.8770904851698873,3.4104695174824022,0,0,0,3,0.75
585dPD,2025-12-18T11:31:39.849000,717.924,212,17,0.9326424870466321,2,0.212406015,0.3333333333333333,36,61.5,14.456999999999994,,,0.2952958809010425,0.11764705882352941,0.39021400593934746,0.637218045,0.31769375749614476,0.2809630407967473,4.301021323968869,0.5208333333333333,3.6562593015257256,3.3580618164546996,3.6960189662018617,0.17647058823529416,0,0.19999999999999996,2,1,4.1907641929683805,0.7916666666666666,3.8005634813865328,3.439121614695723,3.848755730278641,0.17647058823529416,0,0.19999999999999996,1,0.5
pv54XYs0,2025-01-16T22:42:30.958000,719.684,279,57,0.9060150375939849,11,0.7142857142857143,0.5634920634920635,8,10,8.978000000000002,,,0.38767014411880774,0.14035087719298245,0.4827535418322484,1.267605633802817,0.37417609302593346,0.4002643356417928,4.2554648262127905,0.5660377358490566,3.7684543002281865,4.106208692669758,3.713310725952011,0.21052631578947367,0.375,0.18367346938775508,7,0.6363636363636364,4.152101397,0.6528301886792454,3.852009866107893,3.9941465462957524,3.828803877505794,0.3157894736842105,0.75,0.24489795918367352,4,0.36363636363636365
skLjvwiT,2025-01-16T10:43:16.968000,719.247,200,70,0.8673469387755102,14,1,0.8,6,5.5,14.632000000000005,,,0.27806859117938626,0.21428571428571427,0.591283662,1.25,0.24454534552611346,0.32656615686061075,4.135899464431532,0.4248704663212435,3.718705119448165,3.851779504718371,3.6824121052835634,0.18461538461538463,0.2142857142857143,0.17647058823529416,9,0.6428571428571429,4.107331547720306,0.5854922279792747,3.7867470557808174,3.869703029759392,3.7641226992412045,0.3384615384615385,0.5714285714285714,0.27450980392156865,4,0.2857142857142857
YyLeol,2025-01-20T19:22:56.104000,717.394,239,47,0.8922413793103449,10,0.8333333333333334,0.6666666666666666,9,11,11.200999999999965,,,0.3331502633141621,0.19148936170212766,0.5342322350061472,1.2500000000000002,0.32876283414436863,0.33818261262528465,4.166926346135686,0.4035087719298246,3.4585143436088397,3.197166579202597,3.520412498336633,0.1333333333333333,0,0.16666666666666663,6,0.6,4.151684523,0.7105263157894737,3.6430971503703184,3.4333057471370116,3.6927845879782075,0.2666666666666667,0.2222222222222222,0.2777777777777778,6,0.6
x3BX3H,2024-12-31T09:16:20.402000,718.596,328,42,0.9240506329113924,10,0.30434782608695654,0.6666666666666666,10,11,8.667,,,0.4564456245233761,0.071428571,0.5776862103323701,0.4565217391304348,0.44083319883504424,0.47780197908874894,4.2555722175231105,0.5286624203821656,3.493887294065007,3.4211906865129733,3.499479340799779,0.047619048,0.33333333333333337,0.025641026,8,0.8,4.173509792731481,0.7261146496815287,3.698713061206387,3.563852807037529,3.709086926911684,0.16666666666666663,0.33333333333333337,0.15384615384615385,3,0.3
1e3j8l,2024-12-19T11:09:40.552000,712.383,295,24,0.8964285714285715,5,0.3076923076923077,0.2857142857142857,26,31,29.385999999999967,,,0.4141030878052957,0.125,0.504863255,1.076923076923077,0.40038258780612584,0.4280931145049854,4.224953113782234,0.5071942446043165,3.694193613003174,3.613906631153823,3.705663181838796,0.083333333,0,0.095238095,2,0.4,4.164456901510566,0.7230215827338129,3.827214256519046,3.566152113473779,3.8645088483826555,0.29166666666666663,0,0.33333333333333337,2,0.4
G839ms,2026-01-03T14:05:36.126000,719.087,323,45,0.8737864077669902,8,0.4305555555555556,0.5,13,15.5,15.585999999999984,,,0.4491806971896308,0.13333333333333333,0.4457221448865018,0.8611111111111112,0.455519745,0.444083156,4.315640415771696,0.5813953488372092,3.5571932655523115,3.7917521606732616,3.5211072816875495,0.051282051,0,0.060606061,6,0.75,4.193712956145971,0.7807308970099668,3.7864354796146347,3.9641101625276733,3.7591009130126283,0.20512820512820518,0.16666666666666663,0.21212121212121215,4,0.5
46fj84,2024-12-19T12:15:18.812000,717.772,246,30,0.9033613445378151,6,0.4,0.6666666666666666,27,13,9.388000000000034,,,0.34272721699926995,0.16666666666666666,0.6806855101620013,0.6000000000000001,0.3397622073900327,0.34904775409585714,4.210760098235482,0.461864407,3.5775025997626515,3.262764359560665,3.640450247803049,0.10344827586206895,0,0.12,6,1,4.157300642057422,0.6864406779661016,3.7825098681433644,3.428970598,3.8532177222541293,0.2068965517241379,0,0.24,2,0.3333333333333333
Y7u23q,2024-12-26T12:39:03.547000,718.767,376,45,0.9398907103825137,9,0.7083333333333333,0.45,26,12,6.573999999999984,,,0.5231180619032315,0.28888888888888886,0.6935001189537082,1.574074074074074,0.5276197927637848,0.512932248,4.353493706320751,0.6657534246575343,4.092637360424976,4.141615273446663,4.072740083259914,0.33333333333333337,0.23076923076923073,0.375,4,0.4444444444444444,4.208668949566717,0.8493150684931507,4.005986637629173,4.0777930200057035,3.976815294788709,0.5111111111111111,0.5384615384615384,0.5,2,0.2222222222222222
yrcRhl,2024-12-25T18:11:44.141000,655.36,168,19,0.968944099,2,0.7142857142857143,0.5,12,26,35.799000000000035,,,0.256347656,0.47368421052631576,0.6876068115234376,1.4285714285714286,0.257417393,0.2539930640355591,4.2540670434958505,0.55,3.3467721703406106,3.4338031144564516,3.2684443206363545,0.055555556,0.11111111111111116,0,2,1,4.1589092296307655,0.69375,3.684821804883665,3.7937444605449877,3.586791414788473,0.11111111111111116,0.11111111111111116,0.1,2,1
LtxLUe,2024-12-17T16:37:50.088000,719.711,304,22,0.8458904109589042,4,0.36458333333333337,0.30952380952380953,24,26,18.01400000000001,,,0.4223917655836857,0.18181818181818182,0.5201226603456109,1.1778846153846154,0.4407781203083844,0.4024634236028873,4.091075073,0.3819444444444444,3.3234164123257504,3.4809422699655834,3.2884106661835646,0.1,0.33333333333333337,0.055555556,2,0.5,4.106807805240674,0.5590277777777778,3.5455413953706003,3.496370798849803,3.5564681945974446,0.1,0.33333333333333337,0.055555556,2,0.5
cc4Mur,2024-12-19T10:25:44.939000,718.955,368,41,0.8530259365994236,6,0.358974359,0.4,23,24.5,8.311999999999998,,,0.5118540103344437,0.2682926829268293,0.570415395,0.8974358974358974,0.5023128336052161,0.5245230725395984,4.173169169593917,0.4766081871345029,3.421610024559904,3.099938745,3.5395561604223333,0.1,0.1,0.1,6,1,4.147370294199331,0.6842105263157895,3.6774840540202893,3.3895572291335303,3.7830572231454345,0.15000000000000002,0.1,0.16666666666666663,2,0.3333333333333333
F3PYdt,2026-01-03T19:55:13.702000,718.884,189,14,0.9209039548022598,2,0.4920634920634921,0.37857142857142856,46,21,44.31600000000003,,,0.26290750663528467,0.42857142857142855,0.7756522610045571,1.299790356,0.2636279510190027,0.2604166666666667,4.216053257023831,0.5284090909090908,3.320611745775794,3.0939505057899126,3.4906076757652063,0.083333333,0.19999999999999996,0,1,0.5,4.163920482,0.7443181818181819,3.5262655445739344,3.3449965379063933,3.6622172995745896,0.083333333,0.19999999999999996,0,1,0.5
emzHyS,2025-01-02T16:46:36.865000,719.831,286,70,0.8072727272727273,12,0.775,0.775,6,10,31.187999999999988,,,0.3973154809948446,0.18571428571428572,0.5945784496638795,1,0.3691623286198936,0.4386040056881457,4.018734422990677,0.3395522388059702,3.410413865223645,3.039577619278254,3.4949905528954006,0.10526315789473684,0,0.13043478260869568,10,0.8333333333333334,4.061476325,0.5149253731343284,3.5910754738396533,3.3742011207763776,3.6405380455909278,0.26315789473684215,0,0.32608695652173914,7,0.5833333333333334
kG7Y5M,2025-11-27T10:32:50.622000,719.127,309,23,0.9364548494983278,4,0.42857142857142855,0.3205128205128205,48,27,16.834000000000003,,,0.42968766295800326,0.30434782608695654,0.6322068285574034,1.3371428571428572,0.4443105158621055,0.40455215698136016,4.384295475949359,0.7114093959731543,4.210827942774826,4.1673468597630015,4.229850916592499,0.3913043478260869,0.1428571428571429,0.5,0,0,4.214255528,0.848993289,4.1101395864708135,4.134383147954286,4.099533028321795,0.6086956521739131,0.7142857142857143,0.5625,0,0
mkSJjy,2025-01-28T11:16:35.615000,719.817,300,56,0.8650519031141869,9,0.6666666666666666,0.6666666666666666,9.5,17,15.928,,,0.4167725963682436,0.2857142857142857,0.560438278,1,0.376785081,0.46775641268757684,4.102262936689274,0.3802816901408451,3.468946435300348,3.5776674449518735,3.4254580314397374,0.037735849056603765,0,0.054054054,8,0.8888888888888888,4.122611652840539,0.5915492957746479,3.6850963795253513,3.709832206487045,3.675202048740674,0.16981132075471694,0.0625,0.21621621621621623,5,0.5555555555555556
6aBPk4,2026-01-21T15:35:44.458000,719.747,226,40,0.88317757,6,0.8333333333333333,0.5,12,17,41.089999999999975,,,0.3139992247275779,0.325,0.6164666195204702,1.6666666666666665,0.2907369844489521,0.3513894373059659,4.197759074014158,0.4218009478672986,3.4110264925244764,3.2164935749273593,3.504690489886051,0.10526315789473684,0,0.15384615384615385,3,0.5,4.153684131245363,0.6824644549763033,3.6052151227181484,3.484532126225238,3.6633217506591786,0.078947368,0,0.11538461538461542,4,0.6666666666666666
KdS4cj,2026-01-13T17:00:51.312000,702.808,174,22,0.8616352201257862,3,0.6666666666666666,0.4772727272727273,20,20,30.845999999999975,,,0.24757828596145748,0.2727272727272727,0.5081743520278653,1.3968253968253967,0.2631954730378637,0.23144197026549287,4.227902674718209,0.5032258064516129,3.7152917612318235,4.385625622283196,3.463916563337558,0.23809523809523814,0.5,0.1333333333333333,2,0.6666666666666666,4.163472504507784,0.6967741935483871,3.7640907993235158,4.123150581,3.629443381281998,0.23809523809523814,0.5,0.1333333333333333,1,0.3333333333333333
HMepuV,2025-12-25T12:07:23.108000,719.737,307,63,0.8551724137931035,11,0.5357142857142857,0.75,10,7,18.729000000000006,,,0.42654469618763524,0.25396825396825395,0.619954233,0.7142857142857143,0.4146085646923829,0.4460156544182969,4.0823542769265035,0.3345195729537367,3.656192042279892,3.4161467055923262,3.7379096037054462,0.1,0.1333333333333333,0.086956522,8,0.7272727272727273,4.128696997216414,0.6334519572953736,3.836000867870259,3.6981725601690663,3.8829211428323664,0.2666666666666667,0.19999999999999996,0.28260869565217395,4,0.36363636363636365
eC06dywT,2025-01-20T12:18:25.108000,718.926,222,31,0.9569377990430622,6,0.4444444444444444,0.6125,12,12.5,24.480999999999995,,,0.30879395097687384,0.2903225806451613,0.611099056,0.7256235827664398,0.3004540953941752,0.32189877356567276,4.425437251781315,0.7777777777777778,4.230506485848524,3.840155457128157,4.390195543052312,0.3548387096774194,0.11111111111111116,0.4545454545454546,0,0,4.2251629406855775,0.8840579710144928,4.143858977445024,4.0163511863349335,4.196021255626425,0.5806451612903225,0.33333333333333337,0.6818181818181819,0,0
vXm87u,2025-11-26T17:13:01.658000,718.319,248,54,0.8432203389830508,8,0.625,0.6333333333333333,15.5,13.5,31.28,,,0.3452505084788235,0.2222222222222222,0.5555665379866049,0.986842105,0.320742519,0.3758868580557253,4.119624890382638,0.34913793103448276,3.426502947381371,3.2432153829108525,3.4788708229443754,0.094339623,0.18181818181818177,0.071428571,8,1,4.121424755666381,0.5775862068965517,3.6230145146410866,3.4485358383658316,3.6728655650054454,0.16981132075471694,0.18181818181818177,0.16666666666666663,5,0.625
wCpBYv,2025-11-25T15:01:38.075000,719.782,204,26,0.925531915,6,0.6666666666666666,0.5714285714285714,23,9.5,18.336000000000013,,,0.28341914635264565,0.19230769230769232,0.6056222578502933,1.1666666666666667,0.2890465135484819,0.274777536,4.199696089442306,0.44385026737967914,3.382513125710922,3.3576490360347586,3.388433147,0.076923077,0,0.095238095,4,0.6666666666666666,4.146117556806095,0.6363636363636364,3.633798323,3.638173174148534,3.632756691689992,0.11538461538461542,0,0.1428571428571429,1,0.16666666666666666
t4z8fx,2025-12-28T14:09:58.538000,719.636,306,77,0.9523809523809523,15,0.8,1,7,10,7.775000000000006,,,0.4252149697902829,0.19480519480519481,0.5662529389858207,0.8,0.38282584368926315,0.480553598,4.218841214144191,0.48464163822525597,3.718905013468126,3.359021082868166,3.805973706355214,0.21621621621621623,0.066666667,0.2542372881355932,9,0.6,4.143722137505432,0.6484641638225256,3.7998123783364446,3.5914423253661214,3.8502244879260377,0.31081081081081086,0.19999999999999996,0.3389830508474576,3,0.2
4zPN8R,2025-11-27T11:46:56.366000,719.591,243,18,0.8189655172413793,2,0.2777777777777778,0.29166666666666663,45,53,37.18399999999997,,,0.33769182771880135,0.2777777777777778,0.539776067,0.9523809523809526,0.35271279909787906,0.32007440220066247,4.2220186510741975,0.4755555555555555,3.9587804255380146,3.4619318334918923,4.149876037863446,0.33333333333333337,0.19999999999999996,0.3846153846153846,0,0,4.139344014553782,0.6711111111111111,3.992312179949864,3.6496499975390897,4.124105327030931,0.5,0.19999999999999996,0.6153846153846154,0,0
yktTkS,2025-12-01T16:51:36.830000,719.959,313,41,0.9220338983050848,8,0.6666666666666666,0.5,14,13,31.193000000000012,,,0.43474697864739525,0.12195121951219512,0.5896919130117132,1.3333333333333333,0.39099855377643367,0.4976219089047241,4.209018892030063,0.4897959183673469,4.113920419,3.982157538,4.1322208194527095,0.36585365853658536,0.19999999999999996,0.38888888888888884,2,0.25,4.161844568576621,0.7210884353741497,4.027298672,4.010667601,4.029608543192682,0.5121951219512195,0.6,0.5,2,0.25
Dpd4qr,2025-12-29T15:15:39.811000,600.463,193,45,0.925531915,7,0.675,0.8,10.5,10,63.245000000000005,,,0.32141863861720044,0.26666666666666666,0.5919049133751787,0.84375,0.2757324494889103,0.38768231270863424,4.238730281945482,0.4812834224598931,3.8756090416326767,4.046438726213103,3.8134891563307027,0.2222222222222222,0.16666666666666663,0.24242424242424243,4,0.5714285714285714,4.164267216132982,0.7272727272727273,3.870462655687498,3.9610281986732425,3.837529731,0.4,0.41666666666666663,0.3939393939393939,4,0.5714285714285714
kPjb3e,2026-01-09T16:07:48.882000,676.353,184,36,0.8305084745762712,4,0.45238095238095233,0.6333333333333333,28,17.5,28.98300000000006,,,0.27204728891569935,0.2777777777777778,0.5997223343431609,0.7142857142857142,0.2514644103899178,0.30288591174200025,4.013784154177517,0.2906976744186046,3.1119692748971577,3.088136033368507,3.1211359062543305,0.037037037,0,0.047619048,4,1,4.108949242,0.5697674418604651,3.4969419048629695,3.500488771117456,3.4955777255343197,0.11111111111111116,0.1,0.095238095,3,0.75
KRFF0w,2025-01-16T10:20:30.457000,718.978,254,22,0.9344262295081968,4,0.5,0.4,22,31,13.394999999999982,,,0.35327923802953637,0.22727272727272727,0.5047609245345477,1.25,0.3471916056785116,0.3594839159032315,4.332047578742859,0.625,3.360354946448507,2.9724306008498758,3.4744503422128115,0.045454545454545414,0,0.058823529,2,0.5,4.1872916244292675,0.8125,3.661463469669881,3.3726012617312113,3.7464229425930187,0.2272727272727273,0,0.2941176470588235,1,0.25
  QElY1e,2024-12-03T09:48:40.383000,718.823,215,24,0.9296482412060302,5,0.5606060606060606,0.3666666666666667,24,16,14.220999999999975,,,0.2991000566203363,0.25,0.6278944886293288,1.5289256198347105,0.31461520566307366,0.2729196419892478,4.335573923410758,0.6142131979695431,4.025894198127481,4.005075417499271,4.032833791670218,0.26086956521739135,0.33333333333333337,0.23529411764705888,3,0.6,4.191293336581233,0.7766497461928934,3.9739804884597234,3.908666355272165,3.995751866,0.4782608695652174,0.16666666666666663,0.5882352941176471,1,0.2
ywsSnI,2024-11-25T09:43:15.493000,716.71,152,19,0.9194630872483222,3,0.5777777777777777,0.4166666666666667,21,26,20.75699999999999,,,0.21208019980187243,0.3157894736842105,0.5890346165115597,1.3866666666666665,0.19186719947319425,0.24105139147764504,4.273087385981935,0.5405405405405406,4.3501916576202095,4.225266798227836,4.407849285032072,0.42105263157894735,0.33333333333333337,0.46153846153846156,0,0,4.167729401342706,0.7094594594594594,4.115125862138746,4.026266452478004,4.156137897366781,0.631578947,0.6666666666666667,0.6153846153846154,1,0.3333333333333333
BcGufE,2025-12-18T11:02:10.742000,719.62,227,77,0.9357798165137615,13,0.7272727272727273,1,6.5,6,28.78099999999995,,,0.3154442622495206,0.18181818181818182,0.5630068647341653,0.7272727272727273,0.26163084874528264,0.3847756058625811,4.3582817584050755,0.662037037,4.257745424140471,4.461171541348619,4.21253962,0.29333333333333333,0.4285714285714286,0.2622950819672131,3,0.23076923076923078,4.203320511799172,0.8194444444444444,4.127334259522438,4.179497010091823,4.115742537173682,0.56,0.5,0.5737704918032787,2,0.15384615384615385
uT2p5Kxu,2025-01-14T11:14:06.140000,716.491,244,25,0.9447004608294931,5,0.4307692307692308,0.39230769230769236,20,11,24.13499999999999,,,0.34054859028236223,0.16,0.5280108193961961,1.0980392156862744,0.3330557868442965,0.34893073429220284,4.280371669443073,0.5648148148148149,3.906155742507518,3.9129510546638926,3.904861397334876,0.24,0.25,0.23809523809523814,4,0.8,4.171707988188955,0.7407407407407407,3.851327785061838,3.7701505751973468,3.866790110750313,0.36,0.25,0.38095238095238093,1,0.2
ChXIQE,2024-11-25T15:20:31.344000,717.523,150,46,0.9701492537313433,8,1,0.75,6,9.5,25.107,,,0.20905253211395314,0.065217391,0.44311610917001976,1.3333333333333333,0.18242091424329912,0.23024348248272553,4.134692735460459,0.443609023,3.500508140774354,3.009351720698343,3.534774867756401,0.090909091,0,0.095238095,6,0.75,4.126767577611407,0.6541353383458647,3.714321386419283,3.4798382953798264,3.730680671840642,0.18181818181818177,0,0.19047619047619047,4,0.5
V3EJt8,2025-12-18T16:43:29.572000,717.533,261,71,0.9215686274509803,12,1,0.8333333333333334,9,8.5,14.472000000000037,,,0.36374633640543363,0.19718309859154928,0.5859465697048081,1.2,0.3496370434501327,0.38371306341026673,4.239524097209688,0.4980237154150198,3.6787752267983147,3.604121902914934,3.6971111309100224,0.12857142857142856,0.071428571,0.1428571428571429,7,0.5833333333333334,4.166092153,0.7035573122529644,3.827084137998599,3.8151919483600927,3.8300050266817407,0.2857142857142857,0.2857142857142857,0.2857142857142857,5,0.4166666666666667
TEST2,2024-10-13T18:31:55.391000,719.682,223,50,0.9447004608294931,9,1,0.75,9,14,78.00399999999996,,,0.30985907664774165,0.1,0.5256502177350554,1.3333333333333333,0.2431925900275177,0.38373547444058115,4.311010507257624,0.6157407407407407,3.800771221167318,3.9867379925360047,3.780108246570798,0.18367346938775508,0.19999999999999996,0.18181818181818177,5,0.5555555555555556,4.1794231456912465,0.7731481481481481,3.850464672553481,4.016273346085319,3.8320414866054975,0.40816326530612246,0.19999999999999996,0.43181818181818177,3,0.3333333333333333
ekwUtx,2025-12-02T11:34:14.407000,717.173,205,28,0.8578680203045685,5,0.45,0.5,14.5,18,22.601,,,0.2858445591231126,0.071428571,0.47508899526334625,0.9,0.26708069065305645,0.3028274521054476,4.171608015594444,0.44329896907216493,3.541877719597712,4.263229783332222,3.4863890993104425,0.18518518518518523,0.5,0.16000000000000003,4,0.8,4.120312885606053,0.6185567010309279,3.6884844249438378,4.136347455108831,3.654033422623453,0.2962962962962963,0.5,0.28,3,0.6
2BRp8e,2025-12-29T09:51:50.910000,717.479,253,51,0.8833333333333333,8,0.775,1,11,12,13.632999999999996,,,0.35262356110771187,0.23529411764705882,0.5371697290094904,0.775,0.3139530056459646,0.39750535277094373,4.1230567605690265,0.379746835,3.3049979205190465,3.5610529886039832,3.2262117457236803,0.0625,0.16666666666666663,0.026315789,8,1,4.116039583505173,0.5907172995780591,3.5989423833028824,3.7728652011847044,3.545427670108477,0.10416666666666663,0.25,0.052631578947368474,5,0.625
EVhG6aHF,2025-01-13T15:19:36.888000,715.383,268,40,0.8846153846153846,7,0.75,0.5277777777777778,19.5,21,9.848000000000013,,,0.37462450184027296,0.1,0.46267803400416296,1.4210526315789473,0.3625465268042731,0.3850246233652714,4.1353086456272266,0.39534883720930236,3.312218297,3.354734255914993,3.307494301417579,0.10256410256410253,0.25,0.085714286,6,0.8571428571428571,4.135368889615822,0.6124031007751938,3.5431051045135598,3.5009027366883143,3.547794256494143,0.17948717948717952,0.25,0.17142857142857137,5,0.7142857142857143
zwWAyy,2024-11-26T09:46:50.023000,718.556,297,28,0.9448275862068966,5,0.4642857142857143,0.3875,35.5,13,20.53200000000004,,,0.4133289541803283,0.35714285714285715,0.6476461124811427,1.1981566820276497,0.4061284569267465,0.42656387004020746,4.370124027092122,0.6805555555555556,3.8854588232234355,4.109662091882109,3.760901451746394,0.25,0.4,0.16666666666666663,2,0.4,4.208335423322684,0.8333333333333334,3.9072427451535523,3.993404528670653,3.8593750876440516,0.3571428571428571,0.5,0.2777777777777778,1,0.2
3XeA64,2024-12-23T11:54:04.860000,717.731,311,44,0.7625418060200669,8,0.5833333333333333,0.6666666666666666,13,13,17.30600000000004,,,0.433309973,0.13636363636363635,0.5527878829254972,0.8749999999999999,0.42595771172492713,0.4423979213528653,4.034250954,0.2978723404255319,3.3339890687827634,3.221441622716464,3.3517597181616527,0.046511627906976716,0,0.052631578947368474,8,1,4.072288120407449,0.46099290780141844,3.552954372117226,3.4959415405980017,3.5619563981465787,0.023255813953488413,0,0.026315789,6,0.75
WdtMYH,2026-01-21T16:54:40.099000,719.486,235,32,0.875,6,0.4,0.6333333333333333,13,15,49.06600000000003,,,0.3266220607489235,0.21875,0.6348782325159904,0.6315789473684211,0.28897558156335795,0.3920822230681384,4.150289832493785,0.4200913242009132,3.2610312575950977,3.1082826766267293,3.303800860266241,0,0,0,6,1,4.108099271939341,0.5707762557077626,3.5101558393790753,3.5230155748008474,3.506555113460979,0.125,0.1428571428571429,0.12,4,0.6666666666666666
YAfvZQ,2025-12-04T16:36:14.196000,719.819,358,99,0.8764705882352941,17,0.8,1,8,12,8.379000000000005,,,0.4973472497947401,0.15151515151515152,0.5041267318589813,0.8,0.46571869488536155,0.5295022398785227,4.125785885555499,0.3887240356083086,3.6831459024314293,3.4627929542696396,3.7224946431746067,0.1473684210526316,0.23076923076923073,0.13414634146341464,12,0.7058823529411765,4.143843864273699,0.6320474777448071,3.8356089920385794,3.65303886,3.868210801416489,0.27368421052631575,0.23076923076923073,0.2804878048780488,4,0.23529411764705882
rmpKCM,2026-01-20T10:51:53.668000,719.12,360,137,0.8481375358166189,19,0.7916666666666667,1,7,9,7.848,,,0.5006118589387029,0.2116788321167883,0.49015741461786616,0.7916666666666667,0.4737830584256786,0.5264047916473469,4.1049477680349975,0.4156976744186046,3.639248630522473,3.4780748260614867,3.682526781720331,0.20175438596491224,0.037037037,0.23913043478260865,15,0.7894736842105263,4.116334254794702,0.6075581395348837,3.752555173329686,3.6955217449551907,3.7678697050228376,0.38596491228070173,0.33333333333333337,0.3804347826086957,10,0.5263157894736842
w30KjT,2025-01-06T11:07:47.197000,719.62,260,43,0.9392712550607287,5,0.7083333333333333,0.6666666666666666,24.5,17,18.319999999999936,,,0.36130179817125707,0.27906976744186046,0.6087685167171563,1.0625,0.35838039453800885,0.3658475942856737,4.1647112366614385,0.45679012345679015,3.536737367954894,3.6259576216140013,3.5022004955707224,0.093023256,0.083333333,0.096774194,4,0.8,4.155328976078282,0.7119341563786008,3.798918152212168,3.954286429803084,3.7387755931447177,0.2790697674418605,0.25,0.29032258064516125,2,0.4
FdwMSA,2026-01-05T17:16:46.287000,719.007,210,13,0.9711538461538461,2,0.25925925925925924,0.3484848484848485,44,53.5,18.496999999999986,,,0.29206947915667025,0.076923077,0.48518303716097333,0.7439613526570047,0.29525584061917737,0.2890665312286408,4.409380497869106,0.7342995169082125,3.9903301031268654,3.497982164751721,4.031359097991461,0.3846153846153846,0,0.41666666666666663,1,0.5,4.220079724,0.8840579710144928,3.9423759058962253,3.7332574681168875,3.959802442377837,0.3846153846153846,0,0.41666666666666663,1,0.5
ECuaTV,2025-12-04T17:44:27.473000,695.428,162,30,0.9371069182389937,4,0.6666666666666666,0.9,8,24,35.668000000000006,,,0.2329500681594644,0.16666666666666666,0.44995887424722614,0.7407407407407407,0.21092057242565052,0.25097120628264585,4.234653938,0.5641025641025641,3.9777541571071486,3.4728446740291212,4.0787360537227535,0.3571428571428571,0,0.41666666666666663,2,0.5,4.173456138512603,0.7371794871794872,3.949091316709599,3.6298946371168888,4.012930653,0.4642857142857143,0,0.5416666666666667,0,0
957H63,2026-01-08T11:21:05.141000,719.85,249,24,0.9192825112107623,5,0.35294117647058826,0.42857142857142855,16.5,14,19.814999999999998,,,0.3459053969576995,0.125,0.4911162047648816,0.823529412,0.37620569682912336,0.31666302686176023,4.261113105667565,0.5203619909502262,3.472402100282036,3.1989352799254736,3.5114687889044025,0.083333333,0,0.095238095,4,0.8,4.173668933469425,0.7285067873303168,3.639287349601689,3.508708410079654,3.657941483819122,0.16666666666666663,0,0.19047619047619047,2,0.4
EqkRDu,2025-12-28T11:57:53.060000,655.729,208,78,0.8557213930348259,14,1,1,4,7,23.795999999999992,,,0.3172042108858995,0.11538461538461539,0.4777659673432166,1,0.23620664889796825,0.39130485568443313,3.986009697250631,0.27979274611398963,3.339496130590974,3.3330019614855004,3.3403431961264713,0.015625,0,0.016666667,13,0.9285714285714286,4.084201184956054,0.533678756,3.5974130128334436,3.6052945059253028,3.5963849919953734,0.140625,0.125,0.1333333333333333,9,0.6428571428571429
JWFJdD,2024-12-05T12:14:42.983000,718.889,282,65,0.9511278195488722,10,0.5714285714285714,0.6666666666666666,5,8,11.016999999999996,,,0.3922719641001601,0.1076923076923077,0.4137203379103036,0.8571428571428571,0.35303729754992086,0.41995871592284173,4.366338758325611,0.6981132075471699,4.138242926465866,4.326391512425104,4.115535338505268,0.4098360655737705,0.5714285714285714,0.38181818181818183,5,0.5,4.211496529672878,0.8377358490566038,3.9825836003391983,4.104542609032572,3.9678644096348252,0.5245901639344263,0.7142857142857143,0.49090909090909096,3,0.3
8ZapMM,2025-12-10T20:18:30.447000,716.602,236,41,0.9427312775330396,6,0.4494949494949495,0.6666666666666666,13,16.5,15.028000000000002,,,0.3293320420540272,0.14634146341463414,0.4433423294939173,0.6742424242424243,0.3242052250550833,0.3334152247920543,4.153282472002829,0.4196428571428571,3.636787885425232,3.033714907953076,3.7401718244204583,0.125,0,0.1470588235294118,4,0.6666666666666666,4.130164523786711,0.6205357142857143,3.803784599258805,3.492497008,3.8571481863261323,0.17500000000000004,0,0.20588235294117652,2,0.3333333333333333
Zg3xvI,2025-01-09T11:46:16.461000,719.773,276,64,0.8917910447761194,10,0.5,0.75,11,13,55.89599999999999,,,0.3834542279301946,0.1875,0.5565685292446367,0.6666666666666666,0.34697693227459614,0.4292383369364287,4.087425163669214,0.37969924812030076,3.5564859559195234,3.3275665512189057,3.609313510850435,0.11111111111111116,0.090909091,0.11538461538461542,8,0.8,4.112941940604831,0.5789473684210527,3.7559706718106085,3.483483309787069,3.8188523707391164,0.2698412698412699,0.18181818181818177,0.28846153846153844,5,0.5
e2yCyw,2025-12-07T16:13:34.568000,718.58,247,70,0.979253112,12,0.5833333333333333,0.9166666666666667,6,9.5,13.147999999999996,,,0.3437334743521946,0.12857142857142856,0.46181496840991954,0.6363636363636362,0.29531325805858655,0.38528271735504704,4.400657891,0.7196652719665272,4.123064297778313,3.5147728826447437,4.212812211486547,0.2941176470588235,0,0.33333333333333337,4,0.3333333333333333,4.215522104301823,0.8619246861924686,4.0808875694887945,3.730877022120305,4.132528469920208,0.5294117647058824,0.33333333333333337,0.55,1,0.083333333
B6ju5z,2024-12-12T13:04:59.042000,718.446,162,34,0.9620253164556962,7,0.4857142857142857,0.6666666666666666,9,10,14.087999999999994,,,0.22548667540775505,0.17647058823529413,0.5532928014074824,0.7285714285714286,0.20125229238939296,0.25550345085453446,4.327745066860223,0.5923566878980892,3.881715802714036,3.854694585439985,3.887506063558476,0.11764705882352944,0.16666666666666663,0.1071428571428571,4,0.5714285714285714,4.200820429931816,0.7770700636942676,3.991214229494297,3.987553749339528,3.9919986180988913,0.2647058823529411,0.33333333333333337,0.25,2,0.2857142857142857
p3juAg,2024-12-26T09:29:35.982000,719.781,254,90,0.9146341463414634,13,1,1,5,9,25.29600000000005,,,0.35288511366651804,0.15555555555555556,0.5379052795225217,1,0.338349166,0.36980580685313313,4.174063305322416,0.4403292181069959,3.6471094113145646,3.696696934507364,3.637974867568522,0.19277108433734935,0.1428571428571429,0.19444444444444442,8,0.6153846153846154,4.1294485688349365,0.617283951,3.772003389068606,3.756779408558406,3.7748078065310118,0.32530120481927716,0.3571428571428571,0.3055555555555556,6,0.46153846153846156
fKsxuz,2025-01-20T09:06:41.559000,704.341,183,49,0.8192090395480226,9,0.8571428571428571,1,9,8,15.038000000000011,,,0.259817333,0.1836734693877551,0.590921159,0.8571428571428571,0.24266596189423606,0.284592772,4.079256098778973,0.3505747126436781,3.478142866481526,3.241163292070278,3.531463270724057,0.13636363636363635,0.11111111111111116,0.1282051282051282,8,0.8888888888888888,4.105184481745866,0.5402298850574713,3.6845529208262877,3.5199914062474256,3.7215792616065313,0.2727272727272727,0.11111111111111116,0.28205128205128205,7,0.7777777777777778
000001,2024-07-06T21:45:54.782000,719.202,298,41,0.9166666666666666,8,0.5208333333333333,0.5,15,15.5,8.132000000000001,,,0.4143481247271281,0.1951219512195122,0.5780698607623448,1.0416666666666665,0.4040899677449616,0.4284024214623021,4.1596606451877065,0.4358974358974359,3.3581061700930106,3.2982743965707177,3.372610842462052,0.076923077,0.125,0.060606061,6,0.75,4.145728582364326,0.6703296703296704,3.6434259468691983,3.579527013990931,3.658916597,0.15384615384615385,0.125,0.1515151515151515,4,0.5
6m9vuK,2025-12-19T15:52:58.312000,719.215,181,23,0.9485714285714286,3,0.5833333333333333,0.5,35,10,65.13499999999999,,,0.2516632717615734,0.5217391304347826,0.7878200538086663,1.1666666666666665,0.2594367927258865,0.2228003381322778,4.190438129202842,0.4885057471264368,3.312162026137273,3.4374400725862184,3.175495066374789,0.043478261,0,0.090909091,3,1,4.1237335341967665,0.6206896551724138,3.6246137619607786,3.732578261497427,3.506834307920798,0.17391304347826086,0.25,0.090909091,3,1
65FZVx,2025-01-20T12:48:37.253000,717.44,300,25,0.8408304498269896,5,0.28,0.6190476190476191,36,21,46.15100000000007,,,0.41815343443354147,0.28,0.713258252,0.45230769230769236,0.3986555147346205,0.4666537040637758,4.123987982863257,0.4014084507042254,3.1406469384499296,2.717364763429674,3.305256673180028,0,0,0,4,0.8,4.124521004015301,0.63028169,3.4751338280175528,3.0947045897388565,3.6230785317926006,0.125,0,0.16666666666666663,2,0.4
jUleiG,2025-01-02T12:13:59.382000,713.062,278,12,0.8859315589353612,2,0.3181818181818182,0.19047619047619047,60,42,18.14500000000004,,,0.3898679217234967,0.4166666666666667,0.655115544,1.6704545454545454,0.41529483792797844,0.3415689399977229,4.288129027416038,0.5977011494252873,3.9083986848141428,3.534704627169134,4.175323011703435,0.25,0,0.4285714285714286,1,0.5,4.193421762,0.7739463601532567,3.975496252000561,3.8509966740708834,4.064424521950331,0.33333333333333337,0.19999999999999996,0.4285714285714286,0,0
 bDx2rX,2026-01-21T16:36:01.780000,719.386,218,54,0.8994708994708994,11,0.6333333333333333,0.6666666666666666,8,11,13.976999999999975,,,0.30303620031526884,0.14814814814814814,0.5276402376471047,0.95,0.2845272500704732,0.32371126132621564,4.3562217886738805,0.6382978723404256,3.9278619233440284,3.7242797294150614,3.9632675222881972,0.2857142857142857,0.125,0.30952380952380953,5,0.45454545454545453,4.200023358209642,0.8031914893617021,3.929282551565296,3.823256187807715,3.9477219191753097,0.36734693877551017,0.125,0.40476190476190477,3,0.2727272727272727
7oW98a,2024-12-05T12:52:35.407000,718.892,375,44,0.8767507,10,0.3666666666666667,0.4222222222222222,17,18.5,14.649999999999977,,,0.5216360732905638,0.13636363636363635,0.4958700333290676,0.868421053,0.5301884834084666,0.5132237904060263,4.341792984,0.615819209,4.275744190800371,3.591537045233751,4.383776898,0.38636363636363635,0,0.4473684210526315,1,0.1,4.191257267642354,0.7768361581920904,4.135250720403811,3.7872014160131413,4.190205873728653,0.5681818181818181,0.16666666666666663,0.631578947,0,0
V25QLT4f,2025-01-13T12:46:19.130000,713.963,216,29,0.861244019,5,0.625,0.4722222222222222,14,17,20.086000000000013,,,0.3025366860747686,0.2413793103448276,0.5223309891408938,1.3235294117647058,0.2761949453643494,0.33134137544789727,4.154245794718937,0.3921568627450981,3.392142920720269,3.142350486033275,3.4716223317570396,0.1071428571428571,0,0.1428571428571429,3,0.6,4.123253616388745,0.5833333333333333,3.583722294540891,3.443274291511993,3.628410295504631,0.1785714285714286,0.1428571428571429,0.19047619047619047,2,0.4
mkbvhj,2025-12-24T14:46:21.042000,718.9,152,48,0.9782608695652174,8,0.6666666666666666,1,5,6.5,15.391999999999996,,,0.21143413548476842,0.2708333333333333,0.6092043399638335,0.6666666666666666,0.21006628504624889,0.21356645298156557,4.253390229206903,0.5620437956204379,3.841585589203616,3.628314063012307,3.920800727503244,0.27083333333333337,0.15384615384615385,0.3142857142857143,5,0.625,4.193937853496847,0.8102189781021898,3.9037491395652286,3.8170122689098736,3.9359656915229313,0.45833333333333337,0.3076923076923077,0.5142857142857142,1,0.125
d,,,,,,,,,,,,,,,,,,,,,,,,,,,,0,,,,,,,,,,0,
uNzthJ,2024-12-17T20:11:41.061000,718.029,304,36,0.952054795,7,0.5357142857142857,0.5,23,15,16.451000000000008,,,0.4233812283347887,0.2222222222222222,0.6839863013889411,1.0714285714285714,0.42962848335036913,0.4098595459813933,4.3052534687809745,0.5807560137457044,3.423065351671782,3.6158962592186645,3.3679708066583864,0.055555556,0.25,0,4,0.5714285714285714,4.181967930565199,0.7422680412371134,3.632222978,3.771599957498552,3.5924009834678565,0.19444444444444442,0.375,0.1428571428571429,3,0.42857142857142855
ZCOnQ5,2024-12-30T12:21:21.422000,719.588,303,23,0.8550185873605948,3,0.30952380952380953,0.5,47.5,29,12.222999999999999,,,0.42107428139435343,0.391304348,0.7331153382213155,0.6190476190476191,0.41513361046819114,0.4373929298557125,4.296620944641068,0.550561798,3.6406384176618793,3.5572824547669004,3.694224393808652,0.086956522,0,0.1428571428571429,3,1,4.2006953096647415,0.7790262172284644,3.8813692544906977,3.9217514813133882,3.8554092515332536,0.21739130434782605,0.11111111111111116,0.2857142857142857,1,0.3333333333333333
bvj9dk,2025-12-08T20:38:22.289000,675.147,154,37,0.9139072847682119,5,0.5,0.75,8.5,24,54.44,,,0.22809847336950323,0.081081081,0.39366834185740285,0.6666666666666666,0.1768353249255034,0.261381708,4.201762342780821,0.4866666666666667,3.6411972347400994,3.596477178580612,3.645143122048289,0.19999999999999996,0,0.21875,4,0.8,4.150785495333162,0.62,3.7165304908494776,3.7255495351678416,3.715734692821388,0.37142857142857144,0.33333333333333337,0.375,2,0.4
fzgsNA,2025-11-25T09:42:33.823000,719.861,432,18,0.9088729016786571,2,0.17929292929292928,0.2264957264957265,57,101.5,8.306,,,0.6001158556999199,0.2222222222222222,0.5337877729172716,0.7915951972555746,0.5959615149393758,0.6048723510762557,4.394199986934026,0.6802884615384616,4.133787212,4.263874139054175,4.096619518814094,0.2222222222222222,0.5,0.1428571428571429,0,0,4.222654687561013,0.8629807692307692,4.081827068456241,4.116552143596925,4.071905618416046,0.5,0.5,0.5,0,0
DpEDvT,2025-12-14T19:00:47.180000,719.306,245,31,0.9130434782608695,6,0.5,0.6666666666666666,18,13,19.568,,,0.340606084,0.22580645161290322,0.6299864035612104,0.75,0.33984106913117645,0.3419086014435306,4.307279274510383,0.6069868995633187,3.5608789693968994,3.5832970453653155,3.554340363906111,0.096774194,0.2857142857142857,0.041666667,4,0.6666666666666666,4.189224399546475,0.7729257641921398,3.7166758800834416,3.6090241449905562,3.748074302818867,0.12903225806451613,0.1428571428571429,0.125,2,0.3333333333333333
od8GVpsB,2025-01-14T12:15:36.820000,719.247,222,32,0.8837209302325582,6,0.625,0.6666666666666666,14,18.5,13.59899999999999,,,0.30865613620911875,0.125,0.43340882895583827,0.9375,0.3175845608992457,0.3018264179093489,4.135842079058946,0.3755868544600939,3.350026094464904,2.9260881555892766,3.4105886571614223,0.033333333333333326,0,0.038461538461538436,3,0.5,4.1265394513798554,0.5774647887323944,3.6046135209803682,3.254568927,3.654619891520581,0.19999999999999996,0,0.23076923076923073,2,0.3333333333333333
obHWs2,2024-12-23T14:38:54.121000,691.715,235,27,0.9447004608294931,4,0.5,0.6458333333333333,18,20,31.591000000000008,,,0.3397352956058492,0.25925925925925924,0.6373622084239897,0.7741935483870969,0.32889290113025743,0.3587915899251322,4.181487619368053,0.4814814814814815,3.5777431100850685,3.7436562121311723,3.519673524368932,0.18518518518518523,0.2857142857142857,0.15000000000000002,3,0.75,4.143264824193848,0.6527777777777778,3.764174058497902,3.792308812323728,3.7543268946588633,0.2592592592592593,0.2857142857142857,0.25,3,0.75
Nv34Od,2024-12-08T11:42:58.020000,717.966,289,18,0.9309090909090909,3,0.2361111111111111,0.2792207792207792,48,34,16.67700000000002,,,0.40252602490925754,0.3333333333333333,0.6225949418217575,0.8456072351421189,0.4205797736922878,0.3727432426447793,4.230225263598996,0.5164835164835164,3.436235038764049,3.5051697268463595,3.4017676947228943,0.11111111111111116,0,0.16666666666666663,3,1,4.146681228273161,0.6776556776556777,3.6587678550482576,3.757161158500607,3.6095712033220835,0.2222222222222222,0.33333333333333337,0.16666666666666663,1,0.3333333333333333
XoUYK5,2024-12-24T11:10:35.396000,655.87,288,106,0.8664259927797834,20,0.9,1,4,5.5,15.53699999999992,,,0.43911140927317915,0.10377358490566038,0.573671612,0.9,0.35082683506354756,0.5579079880979628,4.137407427148803,0.4254545454545454,3.704071441002074,3.217076149707512,3.7604603694677605,0.21978021978021978,0.18181818181818177,0.2142857142857143,15,0.75,4.113805630824305,0.5890909090909091,3.7960264003875723,3.4223745097989893,3.839291356139935,0.41758241758241754,0.090909091,0.44047619047619047,4,0.2
QPKs1S,2024-12-16T16:16:33.444000,716.087,292,45,0.9166666666666666,8,0.625,0.6666666666666666,21.5,14,10.317999999999984,,,0.4077716813739113,0.24444444444444444,0.5596554608588062,0.9375,0.39923944884994084,0.41861571394592884,4.170890248652964,0.4181184668989547,3.5691070637736435,3.4594282,3.6045914021153487,0.066666667,0,0.088235294,5,0.625,4.150728366202788,0.6480836236933798,3.8060440537554037,3.720497008441289,3.8337210390040894,0.24444444444444446,0.36363636363636365,0.20588235294117652,2,0.25
lgAYMdeU,2025-01-08T10:40:23.865000,719.511,280,32,0.8991935483870968,5,0.3708791208791209,0.4,27.5,19,7.771000000000015,,,0.3891531887629237,0.28125,0.5655271427399998,0.9271978021978022,0.3981292838833825,0.37746954652472114,4.328473674102008,0.6270491803278688,3.409999372298143,3.246754625717809,3.4738777513947965,0.09375,0.11111111111111116,0.086956522,4,0.8,4.187216099305159,0.7745901639344263,3.6294370624280985,3.543295909645988,3.6631444700384903,0.1875,0.11111111111111116,0.21739130434782605,2,0.4
onRQQXIH,2025-01-09T09:34:35.469000,718.682,316,50,0.912621359,9,0.8,0.6666666666666666,11.5,18,14.058999999999997,,,0.43969377276737137,0.14,0.46850902067952177,1.2000000000000002,0.39202991307033663,0.48170944019603484,4.162403521209832,0.43790849673202614,3.555337042674958,3.748607255757072,3.5238744498476375,0.10869565217391308,0.1428571428571429,0.12195121951219512,7,0.7777777777777778,4.143526649135864,0.6437908496732025,3.6929921537424644,3.8026375344208683,3.6751429057250498,0.23913043478260865,0.1428571428571429,0.2682926829268293,4,0.4444444444444444
 EG8LWj,2024-12-10T09:37:27.200000,716.862,259,18,0.8979591836734694,2,0.3666666666666667,0.5,63,27.5,15.439999999999998,,,0.361296874,0.4444444444444444,0.7761117202474117,0.7333333333333334,0.3666657679760589,0.34268553306292326,4.139992342751662,0.39754098360655743,3.3420912233894646,3.552079026411764,3.1741009809716254,0.11111111111111116,0.125,0.1,2,1,4.138438194000215,0.6229508196721312,3.6082534187633346,3.7930602250173804,3.4604079737600983,0.16666666666666663,0.25,0.1,1,0.5
x2GCd4,2025-01-21T09:18:41.861000,717.166,266,16,0.9411764705882353,2,0.2977777777777778,0.358974359,32,57,7.735000000000014,,,0.37090436523761583,0.25,0.5667125881595056,0.8295238095238096,0.3739909011950485,0.3668673710091105,4.448959242866554,0.7716535433070866,3.6844431635233756,4.581640832125809,3.3853772739892314,0.1875,0.75,0,2,1,4.222751592972605,0.8543307086614174,3.8402018981675603,4.260059960528855,3.700249210713796,0.25,0.75,0.083333333,2,1
pYbZqx,2025-11-20T09:34:39.298000,718.468,228,38,0.9333333333333333,6,0.775,0.5,19,14.5,28.096000000000004,,,0.3173418997088249,0.34210526315789475,0.5887193305756137,1.55,0.3215312452715993,0.3113451463999026,4.296445401675119,0.5900900900900901,4.059132507894518,3.883999160555877,4.150201848510611,0.368421053,0.23076923076923073,0.43999999999999995,2,0.3333333333333333,4.184717350766158,0.7612612612612613,3.9713955331598223,3.8948791573331594,4.011184049,0.4473684210526315,0.46153846153846156,0.43999999999999995,0,0
DjbHGY,2026-01-21T14:43:34.530000,719.051,195,59,0.9340659340659341,8,0.75,0.7083333333333333,13,12,31.418999999999983,,,0.2711907778446869,0.2711864406779661,0.5807821698321814,1.0588235294117647,0.23706215338639697,0.3184723940830482,4.147089762184832,0.4101123595505618,3.364297893444392,3.484695825,3.3194986631130394,0.035714286,0.0625,0.025000000000000022,8,1,4.131027094054961,0.6292134831460674,3.5955507160365228,3.6771307564634927,3.5651953521567212,0.1071428571428571,0.1875,0.075,6,0.75
y5tk3N,2025-12-03T15:26:20.142000,719.923,183,39,0.9655172413793104,8,0.6666666666666666,0.8,8,9.5,18.16900000000001,,,0.2541938512868737,0.20512820512820512,0.5846111320238413,0.8333333333333333,0.22096822096822102,0.30095503063053414,4.394645561285307,0.6976744186046512,4.254456197969387,4.427913622214856,4.209692991712493,0.41025641025641024,0.625,0.3548387096774194,0,0,4.224618469788851,0.8662790697674418,4.0887591763307585,4.200419803688897,4.0599435305609175,0.5384615384615384,0.625,0.5161290322580645,0,0
B1RRkw,2024-12-10T12:25:30.116000,718.842,215,24,0.9359605911330049,4,0.7222222222222222,0.5,21,25.5,12.13799999999992,,,0.2990921509872823,0.16666666666666666,0.51264812,1.4444444444444444,0.3012105407407608,0.29686380516600114,4.240937286987316,0.4653465346534653,3.6437965214805472,3.112688062974752,3.7500182131817064,0.16666666666666663,0,0.19999999999999996,1,0.25,4.177684970048718,0.7029702970297029,3.7638353001655225,3.408424915420366,3.8349173771145546,0.29166666666666663,0,0.35,0,0
Tfxtuc,2025-12-26T08:39:58.264000,718.003,304,49,0.9059233449477352,8,0.8285714285714285,0.6666666666666666,11,9,11.79200000000003,,,0.42339655962440265,0.24489795918367346,0.5400200277714718,1.2428571428571429,0.39975653537458467,0.45115013004629595,4.225121078992906,0.5034965034965035,3.9248620348194243,4.27390087,3.8116602504170194,0.1875,0.33333333333333337,0.13888888888888884,3,0.375,4.168573146,0.7307692307692308,3.931103710452988,4.124627978014264,3.868339083135816,0.3125,0.41666666666666663,0.2777777777777778,2,0.25
zbSRj4,2026-01-19T12:25:29.809000,719.113,251,52,0.9053497942386831,9,0.8333333333333333,0.75,10,16,17.105999999999995,,,0.3490411103679116,0.15384615384615385,0.4905223518417829,1.111111111111111,0.2834941217493855,0.4121494000633236,4.1492091967114435,0.39834024896265563,3.4297948841447945,3.0512215297641863,3.498626403123087,0.08,0,0.093023256,8,0.8888888888888888,4.156468125646728,0.6929460580912863,3.6408143094918177,3.339124221510607,3.695667052761128,0.14,0,0.16279069767441856,4,0.4444444444444444
WF2zDd,2024-11-25T10:45:13.088000,718.682,195,21,0.9402173913043478,5,0.5,0.5,12,25,23.53000000000003,,,0.2713300180051817,0.19047619047619047,0.4590848247208084,1,0.26974928470976184,0.2726716159137329,4.324855261,0.5956284153005464,3.8477710443773097,3.7428791068218263,3.8724515002727173,0.33333333333333337,0.25,0.3529411764705882,1,0.2,4.170400751982115,0.6830601092896175,3.897453141333146,3.910846732271149,3.894301708171262,0.38095238095238093,0.25,0.4117647058823529,1,0.2
FXaRR3,2025-12-02T15:32:52.496000,717.209,367,51,0.9067796610169492,9,0.6666666666666666,0.55,20,14,8.600000000000023,,,0.5117057928720917,0.21568627450980393,0.6099881624463719,1.212121212121212,0.4754405253617806,0.5684255684255684,4.2203683533230985,0.49572649572649574,3.6116392508815918,3.919836608843367,3.5268849774421027,0.20408163265306123,0.36363636363636365,0.15000000000000002,7,0.7777777777777778,4.1450660992597355,0.6609686609686609,3.7560730916930387,3.887543063246902,3.7199188495157274,0.34693877551020413,0.5454545454545454,0.275,4,0.4444444444444444
y6fTrk,2025-12-03T12:07:21.570000,685.454,200,35,0.8172043010752689,5,0.3333333333333333,0.7142857142857143,10,17,45.62799999999993,,,0.29177742051253625,0.2571428571428571,0.6393952037627616,0.4666666666666666,0.26923673666821824,0.3317447345637557,4.003674115414702,0.2637362637362637,3.110409491968125,3.0974541266092004,3.1148940415154445,0,0,0,4,0.8,4.054845612153437,0.44505494505494503,3.4036399274640603,3.374859255720987,3.413602467682815,0.064516129,0,0.086956522,4,0.8
UL2058,2024-12-18T13:10:49.581000,719.775,329,104,0.9037267080745341,18,0.6333333333333333,1,5,12,9.360000000000014,,,0.45708728422076345,0.096153846,0.46643603903997777,0.6333333333333333,0.40211003517718164,0.5051478208339626,4.178235139,0.4702194357366771,3.6932281005170084,3.7515842768378618,3.6870199966530874,0.1089108910891089,0.19999999999999996,0.098901099,14,0.7777777777777778,4.138432137712901,0.6363636363636364,3.841817213213502,3.8091660740288127,3.845290738658681,0.29702970297029707,0.30000000000000004,0.29670329670329665,8,0.4444444444444444
LA4bjr,2024-12-30T16:03:50.962000,719.963,322,50,0.7940199335548173,10,0.5,0.5,15,11.5,21.057000000000016,,,0.4472452056564018,0.1,0.5767199147733981,1,0.46481719197431703,0.4233033411431159,4.083700164836652,0.34353741496598644,3.5840724448916585,2.9637557593933055,3.652996521058142,0.10204081632653061,0,0.11363636363636365,8,0.8,4.117731868458337,0.5816326530612245,3.7557745700836573,3.368005168101363,3.7988600591928003,0.24489795918367352,0,0.2727272727272727,5,0.5
9yzFQQ,2025-11-26T16:55:43.285000,686.863,165,33,0.9751552795031055,5,0.8,0.775,15,15,47.59899999999999,,,0.24022257713692538,0.21212121212121213,0.5069671826841745,1.032258064516129,0.22399825396232798,0.25690544108006597,4.1167910203653575,0.36250000000000004,3.3220968085580598,2.8293103255682603,3.4547700924399294,0.064516129,0,0.08,3,0.6,4.131105647523233,0.6125,3.5761229482411894,3.168543611323012,3.6858558466422378,0.12903225806451613,0,0.16000000000000003,3,0.6
yDKkeH,2025-12-25T16:04:31.281000,705.513,411,29,0.6656534954407295,6,0.5,0.3,34,12,24.50400000000002,,,0.5825548218105123,0.13793103448275862,0.7406567986699042,1.6666666666666667,0.6047349213366171,0.5192107995846315,4.079256528302912,0.31418918918918914,3.2678531269648916,3.3940643143157603,3.2476593369887534,0.10526315789473684,0.25,0.0625,4,0.6666666666666666,4.062412194119439,0.5439189189189189,3.4743922186644705,3.516590465418694,3.4676404991837937,0.21052631578947367,0.25,0.1875,3,0.5
CnjDSf,2025-12-31T10:25:22.619000,719.78,194,41,0.9623655913978495,6,0.6666666666666666,0.6666666666666666,9,14.5,24.933000000000106,,,0.2695267998555114,0.21951219512195122,0.4318611242324043,1,0.2734481815695926,0.2665460280973749,4.185389581895302,0.4054054054054054,3.4948133123145917,3.5896347413521306,3.4681447853977834,0.097560976,0.11111111111111116,0.09375,5,0.8333333333333334,4.148769939495971,0.5837837837837838,3.7163366904762154,3.7187717660298887,3.715651825476745,0.19512195121951215,0.2222222222222222,0.1875,3,0.5
acrME7,2026-01-20T21:43:42.421000,719.245,247,52,0.8962655601659751,8,0.5714285714285714,0.6666666666666666,12,12.5,36.493999999999915,,,0.34341566503764365,0.19230769230769232,0.5433378056156108,0.8571428571428571,0.3096268356905062,0.3836176975631143,4.204627353870382,0.46638655462184875,3.554960711825501,3.5869716021136346,3.547339071280707,0.11764705882352944,0.1,0.11904761904761907,6,0.75,4.159553350264128,0.7352941176470589,3.738376452996378,3.7690086446960995,3.7310830740202543,0.196078431,0.4,0.1428571428571429,4,0.5
ooZSPZ,2025-01-21T12:44:07.673000,719.965,319,107,0.8534201954397395,17,0.9166666666666667,0.6458333333333333,6,10,11.880000000000003,,,0.443077094,0.19626168224299065,0.5546269610328277,1.4193548387096777,0.3631245742677407,0.54264267,4.167873705491574,0.4078947368421053,3.8824985142132453,3.9566605698755626,3.864389175039889,0.095238095,0.1428571428571429,0.083333333,11,0.6470588235294118,4.162673491867854,0.694078947,3.990961768820568,4.008990714246875,3.986559351914144,0.419047619,0.4285714285714286,0.41666666666666663,5,0.29411764705882354
VjY2BA,2025-11-30T16:26:11.291000,719.59,249,52,0.9504132231404959,8,0.6,0.75,16,16.5,13.569999999999993,,,0.34603037840992784,0.23076923076923078,0.543931961,0.7999999999999999,0.3270244859583862,0.36869785667708765,4.308434879931116,0.5560165975103735,4.021434387120156,3.955608260890884,4.041182224988937,0.24,0.16666666666666663,0.2564102564102564,3,0.375,4.198474496651731,0.7966804979253113,4.025507495486431,3.9439778306700846,4.049966394931336,0.5,0.33333333333333337,0.5384615384615384,0,0
fcMg35,2025-01-09T12:18:43.476000,669.817,145,27,0.9436619718309859,5,0.8166666666666667,1,11,10,86.688,,,0.21647703775807423,0.2962962962962963,0.6404211896682228,0.8166666666666667,0.15385870642126978,0.32800225864846466,4.172395406338303,0.4571428571428572,3.268352348591258,3.241690762678159,3.2795782795020347,0,0,0,4,0.8,4.138061926554609,0.65,3.5314776840016275,3.511836973915195,3.539747456669599,0.074074074,0.125,0.052631578947368474,3,0.6
RRMb53,2026-01-08T18:30:23.754000,710.581,233,53,0.8393782383419689,9,0.5,0.5584415584415584,5.5,14,26.98399999999998,,,0.3279006897172877,0.1509433962264151,0.5071737071495015,0.8953488372093024,0.2358569097750203,0.42262409585571376,4.1043581479690845,0.3675675675675676,3.6070002255369276,3.1220382043092014,3.693215695977412,0.088888889,0.125,0.076923077,7,0.7777777777777778,4.135337510482392,0.6594594594594594,3.757218047982411,3.3566935205148782,3.8284224084210834,0.33333333333333337,0.125,0.3589743589743589,3,0.3333333333333333
uhLE7P,2024-12-03T11:47:03.199000,719.782,233,16,0.8942731277533039,2,0.4642857142857143,0.5,65,23.5,17.735000000000014,,,0.3237091230400315,0.375,0.7912062263296388,0.9285714285714286,0.32660457667832604,0.31273704802842583,4.306499359265288,0.6088888888888888,3.305478657371655,3.5147529982566237,3.1799140528406733,0,0,0,1,0.5,4.188134315361451,0.7911111111111111,3.6713211093913314,3.837498855079401,3.571614462,0.066666667,0.16666666666666663,0,1,0.5
9JS4rf,2025-12-29T16:41:04.476000,719.881,210,37,0.84375,6,0.4722222222222222,0.5,19,13.5,73.11199999999997,,,0.29171488065388584,0.21621621621621623,0.6768382552116252,0.9444444444444444,0.2544931379209142,0.3696730542731625,4.220376718345306,0.4656084656084656,3.5944732268436965,3.857574128472286,3.5218936677737402,0.083333333,0,0.1071428571428571,4,0.6666666666666666,4.155626799173026,0.6931216931216931,3.754315913078553,3.9065782472243806,3.7123125105555674,0.16666666666666663,0.25,0.1428571428571429,2,0.3333333333333333
VE7CuF,2026-01-05T12:06:45.752000,719.703,212,19,0.865,3,0.3333333333333333,0.5,25.5,37,28.216000000000008,,,0.2945659529000157,0.21052631578947367,0.5168006802806158,0.6666666666666666,0.2930556563774557,0.29618127444214404,4.032089661578982,0.32474226804123707,3.1456846357296775,3.0548915085652206,3.1698961363068654,0.055555556,0,0.066666667,2,0.6666666666666666,4.068325068117391,0.5,3.4470805851099167,3.3688342923965533,3.4679462631668136,0.11111111111111116,0,0.1333333333333333,2,0.6666666666666666
raK5i3,2025-01-27T14:05:55.592000,706.645,302,55,0.8432055749128919,12,0.6,1,12,9,36.051000000000045,,,0.42737159394038027,0.090909091,0.6034218030269795,0.6,0.4291694515777255,0.42463602626320285,4.152529427952094,0.4763636363636363,3.494346991776044,3.716637757042393,3.472117915249409,0.037735849056603765,0,0.041666667,10,0.8333333333333334,4.094916198631365,0.6218181818181818,3.683119442454628,3.8068740335500735,3.670743983345084,0.1132075471698113,0.19999999999999996,0.10416666666666663,6,0.5
DkcybF,2024-11-28T12:15:20.476000,719.363,223,68,0.9299065420560748,13,0.75,1,7,9,24.178999999999974,,,0.30999648299954263,0.16176470588235295,0.5649943074636867,0.75,0.2657244929090926,0.3674978509364804,4.1351198912849805,0.4741784037558685,3.7205963857211644,3.8624651057290076,3.693218211684563,0.18181818181818177,0.19999999999999996,0.1785714285714286,8,0.6153846153846154,4.144302037947017,0.6572769953051643,3.825517876671658,3.905430234429589,3.810096193595566,0.36363636363636365,0.5,0.3392857142857143,4,0.3076923076923077
sFcoQxyJ,2025-01-21T09:29:29.168000,719.581,178,58,0.8383233532934131,9,1,1,5.5,8,18.007,,,0.24736617559385252,0.1724137931034483,0.5255391679324497,1,0.2247678280552558,0.27239736038170786,3.884803854,0.1875,3.269314643411995,2.983315058009402,3.3288978903708695,0.040816327,0,0.045454545454545414,9,1,4.024153503870907,0.40625,3.5259009576555522,3.398896153285198,3.552360291899376,0.12244897959183676,0.1,0.11363636363636365,7,0.7777777777777778
AVQAV3,2024-11-25T14:49:25.755000,718.43,189,55,0.8839779005524862,11,0.6333333333333333,1,5.5,6,18.224999999999966,,,0.263073647,0.18181818181818182,0.6300460726862741,0.6333333333333333,0.24522582868656168,0.29346918197346733,4.17335825,0.43575418994413406,3.586551157057765,3.264555105,3.6581058353414444,0.13725490196078427,0,0.16279069767441856,7,0.6363636363636364,4.145310219063428,0.664804469,3.7493636144476086,3.5136154803648174,3.8017520886882297,0.3137254901960784,0.1,0.34883720930232553,6,0.5454545454545454
95xyap,2025-12-17T18:46:23.062000,719.751,216,26,0.9666666666666667,4,0.5,0.5,15,14.5,14.634000000000015,,,0.3001037858926212,0.38461538461538464,0.6518448741300812,1,0.2962704032261502,0.3072809625476386,4.429760591866691,0.722488038,4.064325059202469,4.196640535649072,3.9816278864233423,0.1923076923076923,0.19999999999999996,0.1875,0,0,4.2313969567603165,0.8708133971291866,4.0983336720030135,4.186268937817085,4.043374130869218,0.5384615384615384,0.6,0.5,1,0.25
OurLAP,2025-01-14T16:02:13.773000,719.174,226,19,0.9398148148148148,4,0.6458333333333333,0.4166666666666667,22,24,19.495999999999995,,,0.3142494027870863,0.21052631578947367,0.5526173081896733,1.5499999999999998,0.3094900208339623,0.3201282999633252,4.2954952363467065,0.5934579439252337,3.447995146547835,3.665762715,3.3899237950880514,0.052631578947368474,0,0.066666667,3,0.75,4.176230216844509,0.7009345794392523,3.612591134846618,3.743013495092314,3.5778118387810998,0.21052631578947367,0.25,0.19999999999999996,3,0.75
323834622,2025-12-01T10:49:31.395000,716.227,107,17,0.9504950495049505,3,0.5222222222222221,0.5,12,17,45.47199999999998,,,0.14939397704917576,0.23529411764705882,0.5935883455943437,1.0444444444444443,0.14818508552396364,0.15115963488077286,4.119246247,0.35,3.6881872734000667,3.818691970736311,3.6480319819119913,0.17647058823529416,0.25,0.15384615384615385,2,0.6666666666666666,4.154139653010379,0.6699999999999999,3.7442050174414354,3.823620530183617,3.719769475059226,0.17647058823529416,0.25,0.15384615384615385,1,0.3333333333333333
U7staN,2025-01-14T15:45:04.477000,717.962,287,28,0.9239130434782609,3,0.4,0.42857142857142855,28,30,10.435999999999979,,,0.3997426047618119,0.32142857142857145,0.5868068226452096,0.9333333333333335,0.38926668328170805,0.4146202516711218,4.305338391332252,0.5927272727272728,3.852601707238633,3.5775186964633914,3.9829041860269045,0.2857142857142857,0.33333333333333337,0.26315789473684215,2,0.6666666666666666,4.163137531172106,0.6945454545454546,3.8536507048314834,3.6099074039032097,3.9691080579027713,0.3571428571428571,0.33333333333333337,0.368421053,1,0.3333333333333333
XaecKP,2026-01-22T21:58:55.226000,718.415,209,53,0.9306930693069307,9,0.6666666666666666,0.6125,10,7,25.625999999999976,,,0.29091820187496087,0.1509433962264151,0.5763200935392496,1.0884353741496597,0.26567673903540023,0.32525346772762814,4.359778546273304,0.6934673366834171,3.9902824967709485,4.186845520613903,3.9553379591988667,0.28,0.375,0.26190476190476186,4,0.4444444444444444,4.197676135997794,0.8190954773869347,3.9618934794884235,4.064680475100573,3.9436202358240413,0.42000000000000004,0.625,0.38095238095238093,2,0.2222222222222222
cdn5t3,2025-12-02T12:13:55.121000,717.08,156,37,0.961038961,5,0.875,1,16,13,47.65100000000001,,,0.2175489485134155,0.21621621621621623,0.5853377586880125,0.875,0.21442151457828051,0.2219636383203406,4.173623186598615,0.39869281045751637,3.378702935448669,3.3444609374421823,3.3881490038642514,0.055555556,0,0.071428571,4,0.8,4.153791026462848,0.6274509803921569,3.6398545568662897,3.600260100836386,3.650777165426263,0.11111111111111116,0.125,0.1071428571428571,3,0.6
R7IOSD,2024-12-09T12:53:27.852000,718.792,226,29,0.8925233644859814,6,0.4375,0.5,12,13,18.242999999999938,,,0.31441640975414303,0.20689655172413793,0.5850552037307039,0.875,0.2948638989092413,0.34198465092419683,4.232916953396821,0.4691943127962085,3.5120519076896155,3.258523636985377,3.5781897174385473,0.1428571428571429,0.16666666666666663,0.13636363636363635,4,0.6666666666666666,4.1723600028647505,0.6966824644549763,3.732842987466822,3.5043587993339407,3.7924475582840955,0.2142857142857143,0.16666666666666663,0.2272727272727273,2,0.3333333333333333
RkzwMO,2024-12-12T12:42:37.269000,716.031,324,41,0.6847133757961783,8,0.5714285714285714,0.5,19,9.5,18.83400000000006,,,0.452494375,0.21951219512195122,0.5574325692602693,1.1428571428571428,0.4434545358885002,0.4638804387614706,3.9024529623185624,0.19572953736654808,3.1694430788984316,3.079919377,3.1946216199591726,0.028571429,0,0.037037037,7,0.875,4.052775877836276,0.4626334519572953,3.5321186125284587,3.514495983964615,3.537074977,0.085714286,0.11111111111111116,0.074074074,7,0.875
6X37Nv,2025-12-01T14:35:09.451000,716.569,253,57,0.952,10,0.55,0.75,11.5,10.5,24.342999999999996,,,0.35307137205209826,0.19298245614035087,0.5420399152070492,0.7333333333333334,0.3424225494259917,0.3656752803510483,4.2914555576348326,0.6104417670682731,3.848358869,3.9015851327096858,3.835630849585523,0.23636363636363633,0.36363636363636365,0.19999999999999996,3,0.3,4.169220515307793,0.7469879518072289,3.873699806323323,3.8636672809969315,3.876098888466589,0.4545454545454546,0.36363636363636365,0.4666666666666667,3,0.3
9jukD9,2024-12-03T09:18:31.482000,716.852,237,17,0.92,3,0.38095238095238093,0.36363636363636365,32.5,26,15.696000000000026,,,0.3306121765720121,0.35294117647058826,0.6386757657089609,1.0476190476190474,0.34510173948750206,0.305000463,4.242726109288124,0.547085202,3.6167405070530227,3.581906528342685,3.635740859076843,0.1333333333333333,0.16666666666666663,0.1,2,0.6666666666666666,4.143235571526432,0.6860986547085202,3.7257652744245595,3.692768800314395,3.743763351211922,0.4666666666666667,0.33333333333333337,0.5,1,0.3333333333333333
NqOPTt,2025-01-06T09:04:40.199000,717.648,209,39,0.8737373737373737,6,1,0.6666666666666666,11,21,39.784000000000106,,,0.2912291262568836,0.15384615384615385,0.4560648117182797,1.5,0.2963696248632728,0.286919053,4.321348102592008,0.5968586387434556,3.972111499952017,3.485427952050093,4.060599417752366,0.11111111111111116,0,0.125,1,0.16666666666666666,4.165191078719023,0.7068062827225131,4.029614363874106,3.7123526608265713,4.087298309882751,0.38888888888888884,0.16666666666666663,0.4375,0,0
tBKJyj,2024-12-09T09:52:50.221000,719.084,277,56,0.9386973180076629,10,0.5,0.6333333333333333,9.5,12.5,55.960000000000036,,,0.385212298,0.16071428571428573,0.6009214500670298,0.7894736842105263,0.34713142164202415,0.44255342874367115,4.315877759088709,0.6061776061776062,3.9578132830995036,4.2861573409349605,3.894938889045905,0.2545454545454545,0.2222222222222222,0.26086956521739135,5,0.5,4.184472191526297,0.7490347490347491,3.958112455734931,4.180475770192674,3.915532246583446,0.4727272727272728,0.6666666666666667,0.4347826086956522,4,0.4
v2Kkb8,2025-11-27T11:29:32.357000,718.578,286,17,0.7928286852589641,3,0.15789473684210525,0.5,59,19,23.147999999999996,,,0.39800828859219184,0.29411764705882354,0.829137547,0.3157894736842105,0.3927492447129909,0.4235286451970225,4.093723552054349,0.4,3.2856282719824628,3.175394796841624,3.3315588866244785,0.066666667,0,0.090909091,2,0.6666666666666666,4.114607711008924,0.625,3.451656857208421,3.4254677480740385,3.462568986014413,0.1333333333333333,0.19999999999999996,0.090909091,2,0.6666666666666666
1TF3H9,2024-12-11T09:44:12.200000,718.476,250,91,0.8418803418803419,14,0.6666666666666666,0.8,7,9,14.975999999999999,,,0.3479587348777134,0.1978021978021978,0.5588189445437288,0.8333333333333333,0.2914086745139452,0.41958747925723566,4.029504570986096,0.2707423580786026,3.3464735209261174,3.1979265417848155,3.3831015431801372,0.039473684,0,0.046875,14,1,4.0835935288433465,0.48034934497816595,3.644026920239237,3.558217090896611,3.6651855082963234,0.13157894736842102,0.058823529,0.140625,8,0.5714285714285714
BHj9rH,2024-12-12T13:53:39.136000,719.645,208,17,0.8963730569948186,3,0.42857142857142855,0.3333333333333333,31.5,29,32.35799999999995,,,0.28903139742511935,0.17647058823529413,0.5773541120969368,1.2857142857142858,0.2936292088858937,0.2827505712547879,4.247137441183735,0.5340314136125655,3.9275302225531648,3.9641342181299755,3.9196865092152753,0.23529411764705888,0.33333333333333337,0.2142857142857143,2,0.6666666666666666,4.170979151974021,0.7225130890052356,3.855566963331649,3.8581962047251874,3.8550035544616064,0.4117647058823529,0.33333333333333337,0.4285714285714286,2,0.6666666666666666
WekwE9,2024-12-31T14:36:35.016000,706.945,257,27,0.8866396761133604,5,0.4,0.4772727272727273,17.5,13,18.18399999999997,,,0.3635360600895402,0.3333333333333333,0.700139332,0.8380952380952381,0.3616453854856958,0.36795056253980224,4.197347705873878,0.48360655737704916,3.5977045893066784,3.7123215060219437,3.5403961309490453,0.074074074,0,0.11111111111111116,4,0.8,4.181485302037362,0.7418032786885246,3.834586803488593,3.8992864276601966,3.802236991402791,0.2222222222222222,0.2222222222222222,0.2222222222222222,3,0.6
UrghCw,2025-12-18T16:21:50.925000,716.469,267,27,0.9691119691119691,5,0.3125,0.5,18,26,17.863,,,0.37266092461781314,0.037037037037037035,0.43155670377922845,0.625,0.39457045184785094,0.35602742147753835,4.337356218533602,0.6124031007751938,3.8608229604267104,4.218141468157678,3.8470799408985963,0.2222222222222222,0,0.23076923076923073,3,0.6,4.204388393574032,0.8023255813953488,3.8922691177999247,4.159226200389169,3.8820015377003383,0.37037037037037035,0,0.3846153846153846,2,0.4
kUPjH0,2024-12-12T13:16:30.348000,683.223,250,62,0.9008264462809917,11,1,0.75,5,11,14.328000000000031,,,0.36591274005705315,0.080645161,0.351386004,1.3333333333333333,0.31656773924815174,0.3926453464756695,4.072580733744142,0.33054393305439334,3.501850258655357,3.0207691039398155,3.5440503599461937,0.14035087719298245,0,0.1454545454545455,10,0.9090909090909091,4.0913818372502755,0.5313807531380753,3.6417581699475376,3.342669126325879,3.6679940509669824,0.19298245614035092,0,0.19999999999999996,7,0.6363636363636364
KGbWgG,2025-01-14T11:48:45.445000,714.483,271,24,0.9230769230769231,4,0.8333333333333334,0.4166666666666667,15,32,19.329000000000065,,,0.37929523865508347,0.125,0.4020487541341083,2,0.3585639340381609,0.39323449415531836,4.319531889151364,0.6341463414634146,3.849104270671086,4.218141468157678,3.7963846710301445,0.34782608695652173,0.6666666666666667,0.30000000000000004,3,0.75,4.185203327391681,0.7682926829268293,3.8464924524712494,4.034287463780869,3.8196645937127336,0.26086956521739135,0.6666666666666667,0.19999999999999996,0,0
HZFCzD,2025-11-26T12:18:20.282000,719.346,204,26,0.8736842105263158,4,0.6607142857142857,0.55,29,22,23.01600000000002,,,0.28359092842665423,0.2692307692307692,0.5934696237971713,1.201298701298701,0.2717200346677286,0.3009205432983627,4.200103398227067,0.42245989304812837,3.4179819241530898,3.4215855066731082,3.416654288487821,0.16000000000000003,0.1428571428571429,0.16666666666666663,4,1,4.151347262590172,0.6417112299465241,3.624239949167356,3.6007798551197365,3.6328831417112153,0.19999999999999996,0.1428571428571429,0.2222222222222222,3,0.75
DnqxaP ,2025-12-29T12:04:49.226000,719.511,294,29,0.8076923076923077,5,0.4318181818181818,0.5,19,19,23.948000000000093,,,0.4086108482010699,0.20689655172413793,0.5637370380716903,0.8636363636363636,0.3944627294355486,0.42689298366337886,4.159313529980969,0.4652014652014652,3.5782389615939483,3.4739251799117152,3.605451252467574,0.1428571428571429,0.16666666666666663,0.13043478260869568,3,0.6,4.109617783587776,0.6190476190476191,3.678596388326981,3.5576143988130036,3.710156907330628,0.25,0.33333333333333337,0.21739130434782605,2,0.4
lkQZDf,2025-01-06T09:54:01.690000,705.405,181,33,0.9819277108433735,4,0.75,0.6458333333333333,12,21,25.303999999999974,,,0.25659018577980025,0.24242424242424243,0.4967047299069329,1.1612903225806452,0.2540113819931617,0.2591352207015241,4.401097493654535,0.7151515151515151,4.143116295,4.353894051979919,4.075667413084585,0.33333333333333337,0.5,0.28,2,0.5,4.206194672832442,0.8363636363636364,4.067315327018232,4.253665895222932,4.007683145192729,0.5151515151515151,0.875,0.4,1,0.25
GR6pWI,2024-12-11T10:38:09.629000,719.133,184,27,0.9028571428571428,2,0.4444444444444444,0.6666666666666666,26,46.5,12.819999999999993,,,0.25586365804378325,0.25925925925925924,0.49140840428682875,0.6666666666666666,0.257507329,0.25427551982938934,4.103436239021274,0.3872832369942196,3.1656801616645986,3.0719448033643344,3.1984875370696906,0,0,0,2,1,4.114174993,0.653179191,3.525286716981091,3.423324979220309,3.560973325197365,0.074074074,0,0.1,2,1
wQP4Rw,2026-01-19T00:05:55.342000,717.984,241,71,0.8553191489361702,11,1,0.6666666666666666,8.5,10,17.970000000000027,,,0.33566207603512055,0.16901408450704225,0.49433692115701716,1.5,0.3268286910510925,0.3442976053412951,4.175579250689568,0.4632034632034632,3.7931898343038517,3.5044640297176475,3.851913726762063,0.25806451612903225,0.090909091,0.2727272727272727,6,0.5454545454545454,4.148319921136591,0.670995671,3.8639351579156425,3.6992012317702616,3.8974403632333456,0.4032258064516129,0.090909091,0.4363636363636364,4,0.36363636363636365
BfscM8,2025-11-28T15:13:09.023000,718.004,223,29,0.9295774647887324,5,0.45,0.8,24,15,21.913999999999987,,,0.31058322794859083,0.27586206896551724,0.6241747956835895,0.5625,0.3034630489111032,0.3224085026904433,4.212746010746388,0.47393364928909953,3.4754844438576993,3.226726516728701,3.5702493684782697,0.10344827586206895,0.125,0.095238095,3,0.6,4.174483888056825,0.7203791469194313,3.674457987763574,3.451623283901122,3.759347398758794,0.24137931034482762,0.125,0.2857142857142857,1,0.2
mYI3W1,2024-12-03T10:08:56.232000,712.421,263,21,0.842741935,4,0.2902097902097902,0.375,27,17.5,19.72800000000001,,,0.36916373885665915,0.2857142857142857,0.7357391205481029,0.7738927738927739,0.36248750372026645,0.3877513079967068,4.0467848441620236,0.28688524590163933,3.1235280722141696,3.3421641633931465,3.036073635742579,0,0,0,4,1,4.099148386931315,0.540983607,3.400847144513729,3.5366263837728056,3.3465354488100996,0.095238095,0.16666666666666663,0.066666667,3,0.75
GJxEv8,2026-01-20T19:31:43.318000,718.272,380,24,0.9109195402298851,3,0.25,0.3076923076923077,45.5,25,28.92700000000002,,,0.5290474917579969,0.16666666666666666,0.5248777621847993,0.8125,0.5729366984522749,0.4805621404941001,4.256001707211792,0.5072046109510087,3.669368447665351,3.326976801116198,3.737846776975182,0.2272727272727273,0,0.2777777777777778,2,0.6666666666666666,4.181057816,0.717579251,3.781321921421519,3.676446522741122,3.8022970011575987,0.2727272727272727,0.25,0.2777777777777778,2,0.6666666666666666
YrH8Pg,2025-12-04T09:31:46.212000,719.051,163,15,0.8238993710691824,3,0.45454545454545453,0.3333333333333333,24,15,30.232000000000028,,,0.22668767583940497,0.3333333333333333,0.6266300999511857,1.3636363636363638,0.21749793044061083,0.24211090914508776,3.8976484914671254,0.19999999999999996,2.8659506001529067,3.106832717041415,2.745509541708653,0,0,0,3,1,4.054397857614937,0.46451612903225803,3.360058095048684,3.576322310634623,3.2519259872557136,0,0,0,3,1
olpEYy,2024-12-01T10:16:43.870000,719.044,117,13,0.9504950495049505,2,0.5333333333333333,0.375,31.5,27,16.503999999999905,,,0.16271605075628195,0.15384615384615385,0.5157653773621643,1.4222222222222223,0.16987634080968994,0.15508952111802315,4.3462706430061075,0.6060606060606061,4.194320702710425,3.8769560968993995,4.252023358,0.23076923076923073,0.5,0.18181818181818177,0,0,4.200828913764475,0.8181818181818181,4.128498824678705,3.740151610359704,4.199107409100342,0.6153846153846154,0.5,0.6363636363636364,0,0
WoB3UG,2024-12-09T11:39:55.641000,718.715,271,40,0.8932806324110671,7,0.65,0.4375,15.5,15,15.512,,,0.3770618395330555,0.2,0.5490910861746311,1.4857142857142858,0.36995742955605104,0.38571318367661805,4.232806218629394,0.524,3.5993518339724675,3.374700158162915,3.655514752924855,0.19999999999999996,0.125,0.21875,5,0.7142857142857143,4.147908684676075,0.6799999999999999,3.7224101654131645,3.5400465110387818,3.768001079,0.19999999999999996,0.125,0.21875,3,0.42857142857142855
6VasU9,2025-12-17T16:11:50.763000,715.705,240,34,0.9553571428571429,4,0.55,0.5277777777777778,20,34,33.14999999999998,,,0.3353336919540872,0.23529411764705882,0.45997722525342144,1.0421052631578949,0.3402104444606449,0.33117980217181503,4.2693257664195565,0.5515695067264574,3.7087962921527176,3.395094323286362,3.8053199748808266,0.20588235294117652,0,0.2692307692307693,3,0.75,4.174171438588293,0.7174887892376682,3.824426893253326,3.6405595534449873,3.8810014593482003,0.38235294117647056,0.25,0.42307692307692313,2,0.5
SAws6H,2026-01-15T11:28:33.914000,717.288,389,42,0.8987012987012987,8,1,0.39230769230769236,21,19,16.882000000000005,,,0.5423205183970734,0.095238095,0.46319330589665525,2.549019607843137,0.5297327558443669,0.5531820955992157,4.233436474121818,0.5461741424802111,3.9468895209907604,3.752124998385119,3.967391049686091,0.1282051282051282,0.25,0.11111111111111116,2,0.25,4.148952747576883,0.6939313984168866,3.9965857715309494,3.7809464733913734,4.019284645019325,0.5641025641025641,0.25,0.5833333333333333,2,0.25
bhgd2X,2025-12-11T16:10:08.961000,714.848,246,36,0.9572649572649573,7,0.5,0.5714285714285714,16,16,28.951000000000022,,,0.34412910157124316,0.1388888888888889,0.5269889542951787,0.875,0.35305016763246694,0.3341900032827513,4.448960783192357,0.7682403433476395,4.417656138,4.169146958,4.457738264273441,0.5277777777777778,0.19999999999999996,0.5806451612903225,1,0.14285714285714285,4.233115120928694,0.8841201716738197,4.180304778,4.220511205899307,4.173819870465142,0.7222222222222222,0.6,0.7419354838709677,1,0.14285714285714285
9njfJR,2024-11-26T09:12:56.066000,714.703,252,93,0.8588709677419355,14,0.8166666666666667,1,7,11,11.270999999999999,,,0.3525940145766843,0.13978494623655913,0.44148548418014183,0.8166666666666667,0.3391108956013832,0.3632519314982012,4.191393482683907,0.43388429752066116,3.8036196977213335,3.6788462789340053,3.823895378274274,0.1325301204819277,0.076923077,0.136986301,9,0.6428571428571429,4.135832175149062,0.5909090909090908,3.868888866,3.7975036939321773,3.8804889561807654,0.3132530120481928,0.23076923076923073,0.31506849315068497,6,0.42857142857142855
test,,,,,,,,,,,,,,,,,,,,2.890525807,0,,,,,,,0,,3.1842891200135597,0,,,,,,,0,
4KxP86,2024-12-24T12:41:05.704000,717.394,297,41,0.9479166666666666,6,0.6,0.5277777777777778,22,14,8.377999999999986,,,0.41399844436948174,0.3170731707317073,0.6464606617841802,1.1368421052631579,0.43125103769780937,0.3824513951590329,4.1760240485975455,0.5017421602787456,3.5799740537831846,3.587952741750985,3.5762696629409914,0.14634146341463417,0.23076923076923073,0.1071428571428571,4,0.6666666666666666,4.147237826018905,0.6655052264808362,3.7604840188558004,3.8690806058443794,3.7100641748968175,0.29268292682926833,0.3846153846153846,0.25,3,0.5
KHWkGA,2025-01-23T11:13:40.512000,715.027,302,27,0.9685314685314685,3,0.675,0.3708791208791209,33.5,51,10.227000000000032,,,0.42236167305570277,0.2222222222222222,0.40672589986112423,1.82,0.443573344,0.40781976723627855,4.393783884302787,0.6666666666666667,3.9159028419572355,4.121236087772341,3.8572362002957767,0.14814814814814814,0.16666666666666663,0.1428571428571429,3,1,4.229759937589612,0.8807017543859649,4.005687583029858,4.215290908877191,3.9458009185020484,0.4444444444444444,0.6666666666666667,0.38095238095238093,2,0.6666666666666666
EY5GTz,2026-01-08T13:35:50.846000,704.593,208,16,0.9219512195121952,2,0.3076923076923077,0.6666666666666666,78,20,37.399,,,0.2952058848157731,0.4375,0.7584875240032188,0.46153846153846156,0.314356551,0.2350618212589911,4.330035328891024,0.6108374384236452,3.7206208393785913,3.608468885960233,3.8078501364817594,0.125,0,0.2222222222222222,1,0.5,4.176868471429639,0.7241379310344828,3.8255188029673275,3.7862397148811873,3.856069204812103,0.4375,0.2857142857142857,0.5555555555555556,0,0
 ThQbFX ,2025-12-21T14:35:04.450000,718.219,220,86,0.8551401869158879,16,1,1,4,6.5,41.464999999999975,,,0.306313255,0.1744186046511628,0.5429277142487178,1,0.2436265999215267,0.3807748310882847,4.014947101865156,0.2666666666666667,3.445027407566779,3.363511554503667,3.4622490666646204,0.051948051948051965,0,0.061538462,14,0.875,4.082612187,0.5238095238095238,3.700931869541612,3.6790685891809196,3.705550872434714,0.1558441558441559,0.1333333333333333,0.15384615384615385,9,0.5625
48p53b,2026-01-18T03:26:01.582000,717.672,231,41,0.92,6,0.36813186813186816,0.7142857142857143,12,10,13.940000000000055,,,0.32187405945891717,0.24390243902439024,0.6407634685483061,0.5153846153846154,0.32836223355905525,0.31030122491408524,4.319138491245241,0.5625,3.8496555237725407,3.645731568122938,3.9154374449498315,0.125,0.1,0.12903225806451613,3,0.5,4.198294573613708,0.78125,3.933719764695119,3.8395327960740353,3.964102657798695,0.32499999999999996,0.19999999999999996,0.3548387096774194,1,0.16666666666666666
DYOJyZ,2024-12-09T09:24:19.735000,719.323,257,28,0.8489795918367347,6,0.3484848484848485,0.4,12,9,23.017000000000053,,,0.3572803872530143,0.21428571428571427,0.6930961473496606,0.8712121212121212,0.35101091142490376,0.3714390545517138,4.266213952971897,0.5596707818930041,3.788449400322391,4.363211613197441,3.6316960695382865,0.33333333333333337,0.6666666666666667,0.23809523809523814,4,0.6666666666666666,4.185558752662939,0.757201646,3.8074538329103547,4.126105375260966,3.720548866814733,0.40740740740740744,0.8333333333333334,0.2857142857142857,3,0.5
xPZUwWmQ,2025-01-16T17:10:37.450000,709.013,300,80,0.9149659863945578,13,0.7083333333333333,0.8333333333333334,8.5,11,16.54200000000003,,,0.42312341240569634,0.15,0.4481525726608681,0.8499999999999999,0.4248676615913338,0.4217069162490065,4.189856978132432,0.503448276,3.8626186896029218,3.8876916050662866,3.8581940574623284,0.2435897435897436,0.16666666666666663,0.25757575757575757,9,0.6923076923076923,4.148116757538963,0.7068965517241379,3.882168125,3.983778304678554,3.8642369173245363,0.3846153846153846,0.33333333333333337,0.3939393939393939,8,0.6153846153846154
xZERPu,2025-01-20T09:52:33.848000,719.998,259,114,0.8695652173913043,16,1,1,4,8,7.728000000000009,,,0.3597232214533929,0.16666666666666666,0.4552929313692539,1,0.29895366218236163,0.41051740491804956,4.058865282988586,0.33466135458167334,3.6328004864349097,3.4993048145827648,3.6594996208053394,0.1,0.052631578947368474,0.1071428571428571,15,0.9375,4.092226635094964,0.5657370517928286,3.7991687272366037,3.7687827961141447,3.8052459134610945,0.32999999999999996,0.21052631578947367,0.34523809523809523,11,0.6875
cL5U0l,2025-01-02T08:37:00.769000,719.433,187,61,0.9016393442622951,10,1,1,6,8,29.899,,,0.2599269146675229,0.19672131147540983,0.5033477752619074,1,0.2181567138419055,0.3022602348673972,4.060193078211728,0.3351648351648352,3.612694878353415,3.3350597281797967,3.6806871600285866,0.1454545454545455,0.083333333,0.14893617021276595,7,0.7,4.111457613428551,0.5714285714285714,3.7772034152210123,3.6074712505236355,3.8187704759632277,0.2545454545454545,0.083333333,0.276595745,3,0.3
XpJhGr,2024-12-09T13:54:46.258000,719.144,232,113,0.8355555555555556,16,1,1,5.5,7,29.478000000000065,,,0.3226057646312839,0.25663716814159293,0.5723791062707887,1,0.2575171941315232,0.4097281161286548,3.9744886661691305,0.28181818181818186,3.702960525,3.593721790046273,3.740673897710239,0.070707071,0.035714286,0.08,12,0.75,4.0755888387950865,0.46818181818181814,3.871419175084528,3.8350249575306172,3.8839838454305218,0.36363636363636365,0.25,0.3866666666666667,5,0.3125
EDEWtP,2024-12-10T11:10:20.278000,715.828,280,22,0.9345454545454546,3,0.75,0.45454545454545453,26,51,13.544000000000004,,,0.39115541722313185,0.13636363636363635,0.42055912872924783,1.6500000000000001,0.3819988838989131,0.39780124403298134,4.278025705662525,0.5401459854014599,3.467614560599543,3.540333549662028,3.456132614958098,0.095238095,0,0.10526315789473684,2,0.6666666666666666,4.175008355429333,0.7335766423357664,3.703903468280943,3.794234363,3.6896406954865313,0.1428571428571429,0,0.1578947368421053,1,0.3333333333333333
p2K35h,2025-12-10T21:15:18.495000,718.898,186,19,0.9613259668508287,3,0.28695652173913044,0.5714285714285714,37.5,24,81.279,,,0.25872933295126704,0.2631578947368421,0.6973590133788103,0.5021739130434784,0.2513314583208665,0.2757758493896161,4.374677877,0.7111111111111111,3.8655705422412887,4.021074420566131,3.8100334428395577,0.26315789473684215,0.4,0.2142857142857143,1,0.3333333333333333,4.195433127398147,0.8111111111111111,3.8178803157068977,3.8519893579771938,3.8056985148960782,0.42105263157894735,0.6,0.3571428571428571,1,0.3333333333333333
t2ssnw,2026-01-12T14:17:27.001000,718.011,261,33,0.8795180722891566,6,0.375,0.6666666666666666,17,14,13.162999999999997,,,0.36350418029807346,0.18181818181818182,0.6075115840843663,0.5625,0.3576341127922972,0.37259014,4.1054181,0.4107883817427386,3.096819203357635,2.7174835295242024,3.1811160197650654,0,0,0,5,0.8333333333333334,4.091195058929694,0.5975103734439834,3.4278899013430952,3.0916226515921967,3.5026159568432953,0.12903225806451613,0,0.15384615384615385,2,0.3333333333333333
K1E8m2,2025-01-09T12:48:05.158000,718.86,271,43,0.8689138576779026,7,0.8541666666666667,0.6666666666666666,9.5,17,14.096000000000004,,,0.3769857830453774,0.093023256,0.3972442478368529,1.2812500000000002,0.31516688086341704,0.4177273325224962,4.079201367618697,0.3840304182509505,3.156833411769607,3.1607755040008767,3.156429094617682,0.027027027027026973,0,0.028571429,6,0.8571428571428571,4.118489685351287,0.596958175,3.5279595430843727,3.5894672748997154,3.5216510577699793,0.081081081,0.25,0.057142857,6,0.8571428571428571
52MCE2,2024-12-16T12:20:24.410000,643.578,171,45,0.9583333333333334,6,0.7142857142857143,0.6666666666666666,6.5,9.5,16.341999999999985,,,0.2657020594240325,0.26666666666666666,0.5517419799931012,1.0714285714285716,0.24500899774422746,0.2911722803989061,4.245612995,0.5209580838323353,3.7837880418493595,3.735855892525348,3.8012179143308167,0.24444444444444446,0.33333333333333337,0.21212121212121215,4,0.6666666666666666,4.159709265039581,0.718562874,3.828257257726049,3.7586579193898975,3.853566108030106,0.37777777777777777,0.41666666666666663,0.36363636363636365,3,0.5
lgmeGb,2024-12-24T12:17:45.724000,718.573,250,36,0.8653061224489796,5,0.3333333333333333,0.6666666666666666,21.5,14,15.031999999999996,,,0.34791176401005885,0.19444444444444445,0.5265936794174009,0.5,0.3594118331060582,0.3351196582955344,4.084254892454761,0.4041666666666667,3.5248674493943604,3.4619896341790697,3.540044853067017,0.055555556,0,0.068965517,4,0.8,4.110171523200314,0.5958333333333333,3.729115718250578,3.706767929057289,3.7345100121937858,0.13888888888888884,0,0.1724137931034483,3,0.6
5FdTAz,2024-12-11T11:13:49.827000,690.076,261,16,0.8962655601659751,3,0.4226190476190476,0.45,34,20,50.256000000000085,,,0.3782192106376689,0.25,0.6768558825404737,0.9391534391534391,0.411062726,0.30942536570490675,4.106790448993833,0.3571428571428571,3.246088180010344,3.521595077,3.154252547799818,0.0625,0.25,0,3,1,4.1136518818212595,0.5840336134453781,3.4990769017259056,3.5960803587410375,3.4667424160541955,0.125,0.25,0.083333333,1,0.3333333333333333
eNSFpt,2025-12-01T13:52:45.748000,717.849,167,56,0.9570552147239264,8,0.8,1,8,12,46.757000000000005,,,0.23263945481570636,0.19642857142857142,0.5046479134191175,0.8,0.19047040669572488,0.27559985151354943,4.158129462079184,0.4320987654320988,3.744647175,3.834775516834772,3.7226158025306684,0.1636363636363637,0.090909091,0.18181818181818177,5,0.625,4.112375538111996,0.5308641975308642,3.819762812716939,3.9004523574553884,3.8000387017808728,0.2909090909090909,0.2727272727272727,0.2954545454545454,5,0.625
4zw0DO,2024-11-28T12:51:25.407000,718.889,215,39,0.9509803921568627,4,0.75,1,19,21.5,10.696000000000026,,,0.2990725967430299,0.3076923076923077,0.6314771821519038,0.75,0.29297606407584775,0.30951922605094995,4.1894132249981455,0.43842364532019706,3.215670947349513,3.4513820923461576,3.110910438462115,0.026315789,0.083333333,0,4,1,4.144176365857499,0.6600985221674878,3.5149954700121713,3.766049919705525,3.4034157145929043,0.026315789,0.083333333,0,3,0.75
TSUVQf,2025-12-15T08:37:27.836000,714.355,180,31,0.9226190476190477,6,0.3,0.7142857142857143,15,9,28.838000000000022,,,0.251975558,0.22580645161290322,0.617754478,0.42,0.24926579891954603,0.2563548537129339,4.166858415043216,0.4207317073170732,3.7825697959417597,3.074674468698576,3.989039266387689,0.25806451612903225,0.1428571428571429,0.29166666666666663,2,0.3333333333333333,4.113617595329184,0.5853658536585367,3.7827418646209123,3.2846639432380433,3.9280145916909155,0.3870967741935484,0.1428571428571429,0.45833333333333337,2,0.3333333333333333
4fIbID,2024-12-10T13:03:06.859000,719.005,205,24,0.9108910891089109,5,0.6333333333333333,0.3,21.5,17,18.370000000000005,,,0.2851162370219957,0.3333333333333333,0.6473515483202481,2.111111111111111,0.29648790737545894,0.26424142990108695,4.270695944522173,0.5376884422110553,4.010307410673483,4.173445437975135,3.9287383970226566,0.375,0.625,0.25,2,0.4,4.168871337807476,0.7035175879396984,3.9446142651617913,3.992097744272231,3.920872525606571,0.41666666666666663,0.5,0.375,0,0
999998,2026-02-06T08:59:23.377000,718.803,179,23,0.936046512,5,0.3068181818181818,0.4444444444444444,20.5,12,85.13999999999999,,,0.2490251153654061,0.17391304347826086,0.6125002260702864,0.6903409090909092,0.24757703847892298,0.25131401326937997,4.213635651723284,0.4970414201183432,3.618616469111302,3.4793511190337503,3.6479354901802594,0.086956522,0,0.10526315789473684,2,0.4,4.162947613,0.6745562130177515,3.798265934459644,3.591459507317534,3.841804129647457,0.21739130434782605,0,0.26315789473684215,1,0.2
dz2REE,2025-12-02T10:58:42.165000,718.877,336,43,0.9085173501577287,8,0.5714285714285714,0.55,12.5,13,8.884999999999991,,,0.4673956740861093,0.18604651162790697,0.5785412525369429,1.0389610389610389,0.4760759798028374,0.4554801189529237,4.203103534910825,0.4840764331210191,3.6927993563052803,3.9620024705578225,3.6312672159046993,0.14634146341463417,0.125,0.1515151515151515,4,0.5,4.157646820673227,0.7165605095541401,3.7997060008127908,3.9920064291788115,3.755751617186273,0.2682926829268293,0.5,0.21212121212121215,3,0.375